MARCA,Model Name,Model URL
Changan,"Changan Alsvin nuevos, precios del catálogo y cotizaciones.",https://www.autocosmos.cl/catalogo/vigente/changan/alsvin
Changan,"Changan CS15 nuevos, precios del catálogo y cotizaciones.",https://www.autocosmos.cl/catalogo/vigente/changan/cs15
Changan,"Changan CS35 Plus  nuevos, precios del catálogo y cotizaciones.",https://www.autocosmos.cl/catalogo/vigente/changan/cs35-plus
Changan,"Changan CS55 nuevos, precios del catálogo y cotizaciones.",https://www.autocosmos.cl/catalogo/vigente/changan/cs55
Changan,"Changan CS55 Plus nuevos, precios del catálogo y cotizaciones.",https://www.autocosmos.cl/catalogo/vigente/changan/cs55-plus
Changan,"Changan CS55 Plus IDD nuevos, precios del catálogo y cotizaciones.",https://www.autocosmos.cl/catalogo/vigente/changan/cs55-plus-idd
Changan,"Changan Hunter  nuevos, precios del catálogo y cotizaciones.",https://www.autocosmos.cl/catalogo/vigente/changan/hunter
Changan,"Changan Hunter Reev nuevos, precios del catálogo y cotizaciones.",https://www.autocosmos.cl/catalogo/vigente/changan/hunter-reev
Changan,"Changan M201 Furgón nuevos, precios del catálogo y cotizaciones.",https://www.autocosmos.cl/catalogo/vigente/changan/m201-furgon
Changan,"Changan MD201 Cargo Box nuevos, precios del catálogo y cotizaciones.",https://www.autocosmos.cl/catalogo/vigente/changan/md201-cargo-box
Changan,"Changan MD201 Pick Up nuevos, precios del catálogo y cotizaciones.",https://www.autocosmos.cl/catalogo/vigente/changan/md201-pick-up
Changan,"Changan MD301 Plus Cargo Box nuevos, precios del catálogo y cotizaciones.",https://www.autocosmos.cl/catalogo/vigente/changan/md301-plus-cargo-box
Changan,"Changan MS201 Pick up nuevos, precios del catálogo y cotizaciones.",https://www.autocosmos.cl/catalogo/vigente/changan/ms201-pick-up
Changan,"Changan Star Truck Plus nuevos, precios del catálogo y cotizaciones.",https://www.autocosmos.cl/catalogo/vigente/changan/star-truck-plus
Changan,"Changan Uni-K nuevos, precios del catálogo y cotizaciones.",https://www.autocosmos.cl/catalogo/vigente/changan/uni-k
Changan,"Changan UNI-T nuevos, precios del catálogo y cotizaciones.",https://www.autocosmos.cl/catalogo/vigente/changan/uni-t
Changan,"Changan X7 Plus nuevos, precios del catálogo y cotizaciones.",https://www.autocosmos.cl/catalogo/vigente/changan/x7-plus
Chevrolet,"Chevrolet Blazer nuevos, precios del catálogo y cotizaciones.",https://www.autocosmos.cl/catalogo/vigente/chevrolet/blazer
Chevrolet,"Chevrolet Blazer EV nuevos, precios del catálogo y cotizaciones.",https://www.autocosmos.cl/catalogo/vigente/chevrolet/blazer-ev
Chevrolet,"Chevrolet Bolt nuevos, precios del catálogo y cotizaciones.",https://www.autocosmos.cl/catalogo/vigente/chevrolet/bolt
Chevrolet,"Chevrolet Captiva XL nuevos, precios del catálogo y cotizaciones.",https://www.autocosmos.cl/catalogo/vigente/chevrolet/captiva-xl
Chevrolet,"Chevrolet Colorado  nuevos, precios del catálogo y cotizaciones.",https://www.autocosmos.cl/catalogo/vigente/chevrolet/colorado
Chevrolet,"Chevrolet Colorado Z71 nuevos, precios del catálogo y cotizaciones.",https://www.autocosmos.cl/catalogo/vigente/chevrolet/colorado-z71
Chevrolet,"Chevrolet Equinox EV nuevos, precios del catálogo y cotizaciones.",https://www.autocosmos.cl/catalogo/vigente/chevrolet/equinox-ev
Chevrolet,"Chevrolet Groove nuevos, precios del catálogo y cotizaciones.",https://www.autocosmos.cl/catalogo/vigente/chevrolet/groove
Chevrolet,"Chevrolet Montana  nuevos, precios del catálogo y cotizaciones.",https://www.autocosmos.cl/catalogo/vigente/chevrolet/montana
Chevrolet,"Chevrolet N400 Max nuevos, precios del catálogo y cotizaciones.",https://www.autocosmos.cl/catalogo/vigente/chevrolet/n400-max
Chevrolet,"Chevrolet Onix nuevos, precios del catálogo y cotizaciones.",https://www.autocosmos.cl/catalogo/vigente/chevrolet/onix
Chevrolet,"Chevrolet Onix RS nuevos, precios del catálogo y cotizaciones.",https://www.autocosmos.cl/catalogo/vigente/chevrolet/onix-rs
Chevrolet,"Chevrolet Onix Sedán  nuevos, precios del catálogo y cotizaciones.",https://www.autocosmos.cl/catalogo/vigente/chevrolet/onix-sedan
Chevrolet,"Chevrolet Sail nuevos, precios del catálogo y cotizaciones.",https://www.autocosmos.cl/catalogo/vigente/chevrolet/sail
Chevrolet,"Chevrolet Sail HB nuevos, precios del catálogo y cotizaciones.",https://www.autocosmos.cl/catalogo/vigente/chevrolet/sail-hb
Chevrolet,"Chevrolet Silverado nuevos, precios del catálogo y cotizaciones.",https://www.autocosmos.cl/catalogo/vigente/chevrolet/silverado
Chevrolet,"Chevrolet Spark EUV nuevos, precios del catálogo y cotizaciones.",https://www.autocosmos.cl/catalogo/vigente/chevrolet/spark-euv
Chevrolet,"Chevrolet Suburban nuevos, precios del catálogo y cotizaciones.",https://www.autocosmos.cl/catalogo/vigente/chevrolet/suburban
Chevrolet,"Chevrolet Tahoe nuevos, precios del catálogo y cotizaciones.",https://www.autocosmos.cl/catalogo/vigente/chevrolet/tahoe
Chevrolet,"Chevrolet Tracker nuevos, precios del catálogo y cotizaciones.",https://www.autocosmos.cl/catalogo/vigente/chevrolet/tracker
Chevrolet,"Chevrolet Traverse  nuevos, precios del catálogo y cotizaciones.",https://www.autocosmos.cl/catalogo/vigente/chevrolet/traverse
Dfsk,"DFSK 500 Active nuevos, precios del catálogo y cotizaciones.",https://www.autocosmos.cl/catalogo/vigente/dfsk/500-active
Dfsk,"DFSK 560 nuevos, precios del catálogo y cotizaciones.",https://www.autocosmos.cl/catalogo/vigente/dfsk/560
Dfsk,"DFSK 580 nuevos, precios del catálogo y cotizaciones.",https://www.autocosmos.cl/catalogo/vigente/dfsk/580
Dfsk,"DFSK 600 nuevos, precios del catálogo y cotizaciones.",https://www.autocosmos.cl/catalogo/vigente/dfsk/600
Dfsk,"DFSK 600 PHEV nuevos, precios del catálogo y cotizaciones.",https://www.autocosmos.cl/catalogo/vigente/dfsk/600-phev
Dfsk,"DFSK Cargo Box nuevos, precios del catálogo y cotizaciones.",https://www.autocosmos.cl/catalogo/vigente/dfsk/cargo-box
Dfsk,"DFSK Cargo Van nuevos, precios del catálogo y cotizaciones.",https://www.autocosmos.cl/catalogo/vigente/dfsk/cargo-van
Dfsk,"DFSK Cargo Van Eléctrico nuevos, precios del catálogo y cotizaciones.",https://www.autocosmos.cl/catalogo/vigente/dfsk/cargo-van-electrico
Dfsk,"DFSK D1 nuevos, precios del catálogo y cotizaciones.",https://www.autocosmos.cl/catalogo/vigente/dfsk/d1
Dfsk,"DFSK Refri Truck nuevos, precios del catálogo y cotizaciones.",https://www.autocosmos.cl/catalogo/vigente/dfsk/refri-truck
Dfsk,"DFSK Seres 3 nuevos, precios del catálogo y cotizaciones.",https://www.autocosmos.cl/catalogo/vigente/dfsk/seres-3
Dfsk,"DFSK Truck nuevos, precios del catálogo y cotizaciones.",https://www.autocosmos.cl/catalogo/vigente/dfsk/truck
Dfsk,"DFSK Truck Cabina Doble nuevos, precios del catálogo y cotizaciones.",https://www.autocosmos.cl/catalogo/vigente/dfsk/truck-cabina-doble
Dfsk,"DFSK Z9 nuevos, precios del catálogo y cotizaciones.",https://www.autocosmos.cl/catalogo/vigente/dfsk/z9
Dongfeng,"Dongfeng Aeolus GS Cross nuevos, precios del catálogo y cotizaciones.",https://www.autocosmos.cl/catalogo/vigente/dongfeng/aeolus-gs-cross
Dongfeng,"Dongfeng Aeolus Y3 nuevos, precios del catálogo y cotizaciones.",https://www.autocosmos.cl/catalogo/vigente/dongfeng/aeolus-y3
Dongfeng,"Dongfeng MAGE nuevos, precios del catálogo y cotizaciones.",https://www.autocosmos.cl/catalogo/vigente/dongfeng/mage
Dongfeng,"Dongfeng Rich nuevos, precios del catálogo y cotizaciones.",https://www.autocosmos.cl/catalogo/vigente/dongfeng/rich
Dongfeng,"Dongfeng S50 EV nuevos, precios del catálogo y cotizaciones.",https://www.autocosmos.cl/catalogo/vigente/dongfeng/s50-ev
Dongfeng,"Dongfeng SX6 nuevos, precios del catálogo y cotizaciones.",https://www.autocosmos.cl/catalogo/vigente/dongfeng/sx6
Dongfeng,"Dongfeng T5 nuevos, precios del catálogo y cotizaciones.",https://www.autocosmos.cl/catalogo/vigente/dongfeng/t5
Dongfeng,"Dongfeng T5 Evo nuevos, precios del catálogo y cotizaciones.",https://www.autocosmos.cl/catalogo/vigente/dongfeng/t5-evo
Dongfeng,"Dongfeng T5 HCV nuevos, precios del catálogo y cotizaciones.",https://www.autocosmos.cl/catalogo/vigente/dongfeng/t5-hcv
Dongfeng,"Dongfeng T5 L nuevos, precios del catálogo y cotizaciones.",https://www.autocosmos.cl/catalogo/vigente/dongfeng/t5-l
Fiat,"FIAT 500e nuevos, precios del catálogo y cotizaciones.",https://www.autocosmos.cl/catalogo/vigente/fiat/500e
Fiat,"FIAT 600e nuevos, precios del catálogo y cotizaciones.",https://www.autocosmos.cl/catalogo/vigente/fiat/600e
Fiat,"FIAT Ducato  nuevos, precios del catálogo y cotizaciones.",https://www.autocosmos.cl/catalogo/vigente/fiat/ducato
Fiat,"FIAT Fastback nuevos, precios del catálogo y cotizaciones.",https://www.autocosmos.cl/catalogo/vigente/fiat/fastback
Fiat,"FIAT Pulse nuevos, precios del catálogo y cotizaciones.",https://www.autocosmos.cl/catalogo/vigente/fiat/pulse
Ford,"Ford Bronco nuevos, precios del catálogo y cotizaciones.",https://www.autocosmos.cl/catalogo/vigente/ford/bronco
Ford,"Ford Bronco Sport nuevos, precios del catálogo y cotizaciones.",https://www.autocosmos.cl/catalogo/vigente/ford/bronco-sport
Ford,"Ford E-Transit Chasis nuevos, precios del catálogo y cotizaciones.",https://www.autocosmos.cl/catalogo/vigente/ford/e-transit-chasis
Ford,"Ford E-Transit Furgón nuevos, precios del catálogo y cotizaciones.",https://www.autocosmos.cl/catalogo/vigente/ford/e-transit-furgon
Ford,"Ford Escape Híbrida nuevos, precios del catálogo y cotizaciones.",https://www.autocosmos.cl/catalogo/vigente/ford/escape-hibrida
Ford,"Ford Expedition nuevos, precios del catálogo y cotizaciones.",https://www.autocosmos.cl/catalogo/vigente/ford/expedition
Ford,"Ford Explorer nuevos, precios del catálogo y cotizaciones.",https://www.autocosmos.cl/catalogo/vigente/ford/explorer
Ford,"Ford Explorer ST nuevos, precios del catálogo y cotizaciones.",https://www.autocosmos.cl/catalogo/vigente/ford/explorer-st
Ford,"Ford F-150 nuevos, precios del catálogo y cotizaciones.",https://www.autocosmos.cl/catalogo/vigente/ford/f-150
Ford,"Ford F-150 Híbrida nuevos, precios del catálogo y cotizaciones.",https://www.autocosmos.cl/catalogo/vigente/ford/f-150-hibrida
Ford,"Ford F-150 Raptor nuevos, precios del catálogo y cotizaciones.",https://www.autocosmos.cl/catalogo/vigente/ford/f-150-raptor
Ford,"Ford Maverick nuevos, precios del catálogo y cotizaciones.",https://www.autocosmos.cl/catalogo/vigente/ford/maverick
Ford,"Ford Maverick Híbrida nuevos, precios del catálogo y cotizaciones.",https://www.autocosmos.cl/catalogo/vigente/ford/maverick-hibrida
Ford,"Ford Mustang nuevos, precios del catálogo y cotizaciones.",https://www.autocosmos.cl/catalogo/vigente/ford/mustang
Ford,"Ford Mustang Dark Horse nuevos, precios del catálogo y cotizaciones.",https://www.autocosmos.cl/catalogo/vigente/ford/mustang-dark-horse
Ford,"Ford Ranger nuevos, precios del catálogo y cotizaciones.",https://www.autocosmos.cl/catalogo/vigente/ford/ranger
Ford,"Ford Ranger Raptor nuevos, precios del catálogo y cotizaciones.",https://www.autocosmos.cl/catalogo/vigente/ford/ranger-raptor
Ford,"Ford Territory nuevos, precios del catálogo y cotizaciones.",https://www.autocosmos.cl/catalogo/vigente/ford/territory
Ford,"Ford Transit Bus nuevos, precios del catálogo y cotizaciones.",https://www.autocosmos.cl/catalogo/vigente/ford/transit-bus
Ford,"Ford Transit Chasis nuevos, precios del catálogo y cotizaciones.",https://www.autocosmos.cl/catalogo/vigente/ford/transit-chasis
Ford,"Ford Transit Custom nuevos, precios del catálogo y cotizaciones.",https://www.autocosmos.cl/catalogo/vigente/ford/transit-custom
Ford,"Ford Transit Custom Minibus nuevos, precios del catálogo y cotizaciones.",https://www.autocosmos.cl/catalogo/vigente/ford/transit-custom-minibus
Ford,"Ford Transit Furgón nuevos, precios del catálogo y cotizaciones.",https://www.autocosmos.cl/catalogo/vigente/ford/transit-furgon
Foton,"Foton FT-Box nuevos, precios del catálogo y cotizaciones.",https://www.autocosmos.cl/catalogo/vigente/foton/ft-box
Foton,"Foton FT-Crew nuevos, precios del catálogo y cotizaciones.",https://www.autocosmos.cl/catalogo/vigente/foton/ft-crew
Foton,"Foton G7 nuevos, precios del catálogo y cotizaciones.",https://www.autocosmos.cl/catalogo/vigente/foton/g7
Foton,"Foton G9 nuevos, precios del catálogo y cotizaciones.",https://www.autocosmos.cl/catalogo/vigente/foton/g9
Foton,"Foton K1 nuevos, precios del catálogo y cotizaciones.",https://www.autocosmos.cl/catalogo/vigente/foton/k1
Foton,"Foton K1 Pasajeros nuevos, precios del catálogo y cotizaciones.",https://www.autocosmos.cl/catalogo/vigente/foton/k1-pasajeros
Foton,"Foton MIDI Cargo Box nuevos, precios del catálogo y cotizaciones.",https://www.autocosmos.cl/catalogo/vigente/foton/midi-cargo-box
Foton,"Foton MIDI Pick-Up nuevos, precios del catálogo y cotizaciones.",https://www.autocosmos.cl/catalogo/vigente/foton/midi-pick-up
Foton,"Foton TM3 nuevos, precios del catálogo y cotizaciones.",https://www.autocosmos.cl/catalogo/vigente/foton/tm3
Foton,"Foton TM5 nuevos, precios del catálogo y cotizaciones.",https://www.autocosmos.cl/catalogo/vigente/foton/tm5
Foton,"Foton V7 nuevos, precios del catálogo y cotizaciones.",https://www.autocosmos.cl/catalogo/vigente/foton/v7
Foton,"Foton V9 nuevos, precios del catálogo y cotizaciones.",https://www.autocosmos.cl/catalogo/vigente/foton/v9
Foton,"Foton Wonder nuevos, precios del catálogo y cotizaciones.",https://www.autocosmos.cl/catalogo/vigente/foton/wonder
Honda,"Honda City nuevos, precios del catálogo y cotizaciones.",https://www.autocosmos.cl/catalogo/vigente/honda/city
Honda,"Honda City Hatchback nuevos, precios del catálogo y cotizaciones.",https://www.autocosmos.cl/catalogo/vigente/honda/city-hatchback
Honda,"Honda Civic  nuevos, precios del catálogo y cotizaciones.",https://www.autocosmos.cl/catalogo/vigente/honda/civic
Honda,"Honda CR-V nuevos, precios del catálogo y cotizaciones.",https://www.autocosmos.cl/catalogo/vigente/honda/cr-v
Honda,"Honda CR-V Hybrid nuevos, precios del catálogo y cotizaciones.",https://www.autocosmos.cl/catalogo/vigente/honda/cr-v-hybrid
Honda,"Honda HR-V nuevos, precios del catálogo y cotizaciones.",https://www.autocosmos.cl/catalogo/vigente/honda/hr-v
Honda,"Honda Pilot nuevos, precios del catálogo y cotizaciones.",https://www.autocosmos.cl/catalogo/vigente/honda/pilot
Honda,"Honda WR-V nuevos, precios del catálogo y cotizaciones.",https://www.autocosmos.cl/catalogo/vigente/honda/wr-v
Honda,"Honda ZR-V nuevos, precios del catálogo y cotizaciones.",https://www.autocosmos.cl/catalogo/vigente/honda/zr-v
Jac,"JAC E-JS1 nuevos, precios del catálogo y cotizaciones.",https://www.autocosmos.cl/catalogo/vigente/jac/e-js1
Jac,"JAC E-JS4 nuevos, precios del catálogo y cotizaciones.",https://www.autocosmos.cl/catalogo/vigente/jac/e-js4
Jac,"JAC Ignite nuevos, precios del catálogo y cotizaciones.",https://www.autocosmos.cl/catalogo/vigente/jac/ignite
Jac,"JAC JS2 nuevos, precios del catálogo y cotizaciones.",https://www.autocosmos.cl/catalogo/vigente/jac/js2
Jac,"JAC JS2 Pro nuevos, precios del catálogo y cotizaciones.",https://www.autocosmos.cl/catalogo/vigente/jac/js2-pro
Jac,"JAC JS4 nuevos, precios del catálogo y cotizaciones.",https://www.autocosmos.cl/catalogo/vigente/jac/js4
Jac,"JAC JS8 nuevos, precios del catálogo y cotizaciones.",https://www.autocosmos.cl/catalogo/vigente/jac/js8
Jac,"JAC JS8 Pro nuevos, precios del catálogo y cotizaciones.",https://www.autocosmos.cl/catalogo/vigente/jac/js8-pro
Jac,"JAC Refine Cargo nuevos, precios del catálogo y cotizaciones.",https://www.autocosmos.cl/catalogo/vigente/jac/refine-cargo
Jac,"JAC Refine Cargo EV nuevos, precios del catálogo y cotizaciones.",https://www.autocosmos.cl/catalogo/vigente/jac/refine-cargo-ev
Jac,"JAC Refine Pasajeros nuevos, precios del catálogo y cotizaciones.",https://www.autocosmos.cl/catalogo/vigente/jac/refine-pasajeros
Jac,"JAC Sunray Pasajeros nuevos, precios del catálogo y cotizaciones.",https://www.autocosmos.cl/catalogo/vigente/jac/sunray-pasajeros
Jac,"JAC T8 nuevos, precios del catálogo y cotizaciones.",https://www.autocosmos.cl/catalogo/vigente/jac/t8
Jac,"JAC T8 Pro nuevos, precios del catálogo y cotizaciones.",https://www.autocosmos.cl/catalogo/vigente/jac/t8-pro
Jac,"JAC T9 nuevos, precios del catálogo y cotizaciones.",https://www.autocosmos.cl/catalogo/vigente/jac/t9
Jac,"JAC X200 nuevos, precios del catálogo y cotizaciones.",https://www.autocosmos.cl/catalogo/vigente/jac/x200
Jmc,"JMC Grand Avenue nuevos, precios del catálogo y cotizaciones.",https://www.autocosmos.cl/catalogo/vigente/jmc/grand-avenue
Jmc,"JMC Touring  nuevos, precios del catálogo y cotizaciones.",https://www.autocosmos.cl/catalogo/vigente/jmc/touring
Jmc,"JMC Touring EV nuevos, precios del catálogo y cotizaciones.",https://www.autocosmos.cl/catalogo/vigente/jmc/touring-ev
Jmc,"JMC Vigus EV nuevos, precios del catálogo y cotizaciones.",https://www.autocosmos.cl/catalogo/vigente/jmc/vigus-ev
Jmc,"JMC Vigus Plus nuevos, precios del catálogo y cotizaciones.",https://www.autocosmos.cl/catalogo/vigente/jmc/vigus-plus
Jmc,"JMC Vigus Pro nuevos, precios del catálogo y cotizaciones.",https://www.autocosmos.cl/catalogo/vigente/jmc/vigus-pro
Jmc,"JMC Vigus Work nuevos, precios del catálogo y cotizaciones.",https://www.autocosmos.cl/catalogo/vigente/jmc/vigus-work
Karry,"Karry Q22 nuevos, precios del catálogo y cotizaciones.",https://www.autocosmos.cl/catalogo/vigente/karry/q22
Karry,"Karry Q22 Cargo Box nuevos, precios del catálogo y cotizaciones.",https://www.autocosmos.cl/catalogo/vigente/karry/q22-cargo-box
Karry,"Karry Q22 Doble Cabina nuevos, precios del catálogo y cotizaciones.",https://www.autocosmos.cl/catalogo/vigente/karry/q22-doble-cabina
Karry,"Karry Q51 nuevos, precios del catálogo y cotizaciones.",https://www.autocosmos.cl/catalogo/vigente/karry/q51
Karry,"Karry Q52 nuevos, precios del catálogo y cotizaciones.",https://www.autocosmos.cl/catalogo/vigente/karry/q52
Kia,"Kia Carens  nuevos, precios del catálogo y cotizaciones.",https://www.autocosmos.cl/catalogo/vigente/kia/carens
Kia,"Kia Carnival nuevos, precios del catálogo y cotizaciones.",https://www.autocosmos.cl/catalogo/vigente/kia/carnival
Kia,"Kia EV5 nuevos, precios del catálogo y cotizaciones.",https://www.autocosmos.cl/catalogo/vigente/kia/ev5
Kia,"Kia EV6 nuevos, precios del catálogo y cotizaciones.",https://www.autocosmos.cl/catalogo/vigente/kia/ev6
Kia,"Kia EV9 nuevos, precios del catálogo y cotizaciones.",https://www.autocosmos.cl/catalogo/vigente/kia/ev9
Kia,"Kia Frontier nuevos, precios del catálogo y cotizaciones.",https://www.autocosmos.cl/catalogo/vigente/kia/frontier
Kia,"Kia Frontier Chasis nuevos, precios del catálogo y cotizaciones.",https://www.autocosmos.cl/catalogo/vigente/kia/frontier-chasis
Kia,"Kia Frontier Doble Cabina nuevos, precios del catálogo y cotizaciones.",https://www.autocosmos.cl/catalogo/vigente/kia/frontier-doble-cabina
Kia,"Kia K3 nuevos, precios del catálogo y cotizaciones.",https://www.autocosmos.cl/catalogo/vigente/kia/k3
Kia,"Kia K3 Cross nuevos, precios del catálogo y cotizaciones.",https://www.autocosmos.cl/catalogo/vigente/kia/k3-cross
Kia,"Kia Morning nuevos, precios del catálogo y cotizaciones.",https://www.autocosmos.cl/catalogo/vigente/kia/morning
Kia,"Kia Niro Híbrido nuevos, precios del catálogo y cotizaciones.",https://www.autocosmos.cl/catalogo/vigente/kia/niro-hibrido
Kia,"Kia Seltos nuevos, precios del catálogo y cotizaciones.",https://www.autocosmos.cl/catalogo/vigente/kia/seltos
Kia,"Kia Soluto nuevos, precios del catálogo y cotizaciones.",https://www.autocosmos.cl/catalogo/vigente/kia/soluto
Kia,"Kia Sonet nuevos, precios del catálogo y cotizaciones.",https://www.autocosmos.cl/catalogo/vigente/kia/sonet
Kia,"Kia Sorento nuevos, precios del catálogo y cotizaciones.",https://www.autocosmos.cl/catalogo/vigente/kia/sorento
Kia,"Kia Sportage nuevos, precios del catálogo y cotizaciones.",https://www.autocosmos.cl/catalogo/vigente/kia/sportage
Kia,"Kia Tasman nuevos, precios del catálogo y cotizaciones.",https://www.autocosmos.cl/catalogo/vigente/kia/tasman
Mahindra,"Mahindra Pik Up nuevos, precios del catálogo y cotizaciones.",https://www.autocosmos.cl/catalogo/vigente/mahindra/pik-up
Mahindra,"Mahindra Pik Up Cabina Doble nuevos, precios del catálogo y cotizaciones.",https://www.autocosmos.cl/catalogo/vigente/mahindra/pik-up-cabina-doble
Mahindra,"Mahindra XUV 300 nuevos, precios del catálogo y cotizaciones.",https://www.autocosmos.cl/catalogo/vigente/mahindra/xuv-300
Maxus,"Maxus D60 nuevos, precios del catálogo y cotizaciones.",https://www.autocosmos.cl/catalogo/vigente/maxus/d60
Maxus,"Maxus D90 nuevos, precios del catálogo y cotizaciones.",https://www.autocosmos.cl/catalogo/vigente/maxus/d90
Maxus,"Maxus Deliver 9 Cargo nuevos, precios del catálogo y cotizaciones.",https://www.autocosmos.cl/catalogo/vigente/maxus/deliver-9-cargo
Maxus,"Maxus Deliver 9 Chasis nuevos, precios del catálogo y cotizaciones.",https://www.autocosmos.cl/catalogo/vigente/maxus/deliver-9-chasis
Maxus,"Maxus Deliver 9 Pasajeros nuevos, precios del catálogo y cotizaciones.",https://www.autocosmos.cl/catalogo/vigente/maxus/deliver-9-pasajeros
Maxus,"Maxus eDeliver 3 nuevos, precios del catálogo y cotizaciones.",https://www.autocosmos.cl/catalogo/vigente/maxus/edeliver-3
Maxus,"Maxus eDeliver 9 nuevos, precios del catálogo y cotizaciones.",https://www.autocosmos.cl/catalogo/vigente/maxus/edeliver-9
Maxus,"Maxus Euniq 5 nuevos, precios del catálogo y cotizaciones.",https://www.autocosmos.cl/catalogo/vigente/maxus/euniq-5
Maxus,"Maxus G-10 Cargo nuevos, precios del catálogo y cotizaciones.",https://www.autocosmos.cl/catalogo/vigente/maxus/g-10-cargo
Maxus,"Maxus G-10 Cargo D20 nuevos, precios del catálogo y cotizaciones.",https://www.autocosmos.cl/catalogo/vigente/maxus/g-10-cargo-d20
Maxus,"Maxus G-10 Ejecutiva nuevos, precios del catálogo y cotizaciones.",https://www.autocosmos.cl/catalogo/vigente/maxus/g-10-ejecutiva
Maxus,"Maxus G-10 Pasajeros D20 nuevos, precios del catálogo y cotizaciones.",https://www.autocosmos.cl/catalogo/vigente/maxus/g-10-pasajeros-d20
Maxus,"Maxus G90 nuevos, precios del catálogo y cotizaciones.",https://www.autocosmos.cl/catalogo/vigente/maxus/g90
Maxus,"Maxus Mifa 9 nuevos, precios del catálogo y cotizaciones.",https://www.autocosmos.cl/catalogo/vigente/maxus/mifa-9
Maxus,"Maxus T60 nuevos, precios del catálogo y cotizaciones.",https://www.autocosmos.cl/catalogo/vigente/maxus/t60
Maxus,"Maxus T60 MAX nuevos, precios del catálogo y cotizaciones.",https://www.autocosmos.cl/catalogo/vigente/maxus/t60-max
Maxus,"Maxus T90 nuevos, precios del catálogo y cotizaciones.",https://www.autocosmos.cl/catalogo/vigente/maxus/t90
Maxus,"Maxus T90 EV nuevos, precios del catálogo y cotizaciones.",https://www.autocosmos.cl/catalogo/vigente/maxus/t90-ev
Mazda,"Mazda 3 nuevos, precios del catálogo y cotizaciones.",https://www.autocosmos.cl/catalogo/vigente/mazda/3
Mazda,"Mazda 3 Sport nuevos, precios del catálogo y cotizaciones.",https://www.autocosmos.cl/catalogo/vigente/mazda/3-sport
Mazda,"Mazda 6  nuevos, precios del catálogo y cotizaciones.",https://www.autocosmos.cl/catalogo/vigente/mazda/6
Mazda,"Mazda BT-50 nuevos, precios del catálogo y cotizaciones.",https://www.autocosmos.cl/catalogo/vigente/mazda/bt-50
Mazda,"Mazda CX-3 nuevos, precios del catálogo y cotizaciones.",https://www.autocosmos.cl/catalogo/vigente/mazda/cx-3
Mazda,"Mazda CX-30 nuevos, precios del catálogo y cotizaciones.",https://www.autocosmos.cl/catalogo/vigente/mazda/cx-30
Mazda,"Mazda CX-5 nuevos, precios del catálogo y cotizaciones.",https://www.autocosmos.cl/catalogo/vigente/mazda/cx-5
Mazda,"Mazda CX-60 nuevos, precios del catálogo y cotizaciones.",https://www.autocosmos.cl/catalogo/vigente/mazda/cx-60
Mazda,"Mazda CX-60 Híbrido nuevos, precios del catálogo y cotizaciones.",https://www.autocosmos.cl/catalogo/vigente/mazda/cx-60-hibrido
Mazda,"Mazda CX-90 nuevos, precios del catálogo y cotizaciones.",https://www.autocosmos.cl/catalogo/vigente/mazda/cx-90
Mazda,"Mazda MX-5 Convertible nuevos, precios del catálogo y cotizaciones.",https://www.autocosmos.cl/catalogo/vigente/mazda/mx-5-convertible
Mitsubishi,"Mitsubishi Eclipse Cross nuevos, precios del catálogo y cotizaciones.",https://www.autocosmos.cl/catalogo/vigente/mitsubishi/eclipse-cross
Mitsubishi,"Mitsubishi L-200 nuevos, precios del catálogo y cotizaciones.",https://www.autocosmos.cl/catalogo/vigente/mitsubishi/l-200
Mitsubishi,"Mitsubishi Montero Sport nuevos, precios del catálogo y cotizaciones.",https://www.autocosmos.cl/catalogo/vigente/mitsubishi/montero-sport
Mitsubishi,"Mitsubishi Outlander  nuevos, precios del catálogo y cotizaciones.",https://www.autocosmos.cl/catalogo/vigente/mitsubishi/outlander
Mitsubishi,"Mitsubishi Outlander PHEV nuevos, precios del catálogo y cotizaciones.",https://www.autocosmos.cl/catalogo/vigente/mitsubishi/outlander-phev
Mitsubishi,"Mitsubishi Outlander Sport nuevos, precios del catálogo y cotizaciones.",https://www.autocosmos.cl/catalogo/vigente/mitsubishi/outlander-sport
Mitsubishi,"Mitsubishi Xpander nuevos, precios del catálogo y cotizaciones.",https://www.autocosmos.cl/catalogo/vigente/mitsubishi/xpander
Mitsubishi,"Mitsubishi Xpander Cross nuevos, precios del catálogo y cotizaciones.",https://www.autocosmos.cl/catalogo/vigente/mitsubishi/xpander-cross
Nissan,"Nissan Kicks Play nuevos, precios del catálogo y cotizaciones.",https://www.autocosmos.cl/catalogo/vigente/nissan/kicks-play
Nissan,"Nissan Pathfinder nuevos, precios del catálogo y cotizaciones.",https://www.autocosmos.cl/catalogo/vigente/nissan/pathfinder
Nissan,"Nissan Qashqai nuevos, precios del catálogo y cotizaciones.",https://www.autocosmos.cl/catalogo/vigente/nissan/qashqai
Nissan,"Nissan Sentra nuevos, precios del catálogo y cotizaciones.",https://www.autocosmos.cl/catalogo/vigente/nissan/sentra
Nissan,"Nissan Versa nuevos, precios del catálogo y cotizaciones.",https://www.autocosmos.cl/catalogo/vigente/nissan/versa
Nissan,"Nissan X-Trail nuevos, precios del catálogo y cotizaciones.",https://www.autocosmos.cl/catalogo/vigente/nissan/x-trail
Nissan,"Nissan X-Trail E-Power nuevos, precios del catálogo y cotizaciones.",https://www.autocosmos.cl/catalogo/vigente/nissan/x-trail-e-power
Peugeot,"Peugeot 2008 nuevos, precios del catálogo y cotizaciones.",https://www.autocosmos.cl/catalogo/vigente/peugeot/2008
Peugeot,"Peugeot 2008 MHEV nuevos, precios del catálogo y cotizaciones.",https://www.autocosmos.cl/catalogo/vigente/peugeot/2008-mhev
Peugeot,"Peugeot 208 nuevos, precios del catálogo y cotizaciones.",https://www.autocosmos.cl/catalogo/vigente/peugeot/208
Peugeot,"Peugeot 208 Hybrid nuevos, precios del catálogo y cotizaciones.",https://www.autocosmos.cl/catalogo/vigente/peugeot/208-hybrid
Peugeot,"Peugeot 3008 nuevos, precios del catálogo y cotizaciones.",https://www.autocosmos.cl/catalogo/vigente/peugeot/3008
Peugeot,"Peugeot 3008 Hybrid nuevos, precios del catálogo y cotizaciones.",https://www.autocosmos.cl/catalogo/vigente/peugeot/3008-hybrid
Peugeot,"Peugeot 308 nuevos, precios del catálogo y cotizaciones.",https://www.autocosmos.cl/catalogo/vigente/peugeot/308
Peugeot,"Peugeot 308 Hybrid nuevos, precios del catálogo y cotizaciones.",https://www.autocosmos.cl/catalogo/vigente/peugeot/308-hybrid
Peugeot,"Peugeot 5008 PHEV nuevos, precios del catálogo y cotizaciones.",https://www.autocosmos.cl/catalogo/vigente/peugeot/5008-phev
Peugeot,"Peugeot Boxer nuevos, precios del catálogo y cotizaciones.",https://www.autocosmos.cl/catalogo/vigente/peugeot/boxer
Peugeot,"Peugeot Boxer Chasis nuevos, precios del catálogo y cotizaciones.",https://www.autocosmos.cl/catalogo/vigente/peugeot/boxer-chasis
Peugeot,"Peugeot e-2008 nuevos, precios del catálogo y cotizaciones.",https://www.autocosmos.cl/catalogo/vigente/peugeot/e-2008
Peugeot,"Peugeot e-208 nuevos, precios del catálogo y cotizaciones.",https://www.autocosmos.cl/catalogo/vigente/peugeot/e-208
Peugeot,"Peugeot e-Partner nuevos, precios del catálogo y cotizaciones.",https://www.autocosmos.cl/catalogo/vigente/peugeot/e-partner
Peugeot,"Peugeot Expert nuevos, precios del catálogo y cotizaciones.",https://www.autocosmos.cl/catalogo/vigente/peugeot/expert
Peugeot,"Peugeot Landtrek nuevos, precios del catálogo y cotizaciones.",https://www.autocosmos.cl/catalogo/vigente/peugeot/landtrek
Peugeot,"Peugeot Partner nuevos, precios del catálogo y cotizaciones.",https://www.autocosmos.cl/catalogo/vigente/peugeot/partner
Peugeot,"Peugeot Rifter nuevos, precios del catálogo y cotizaciones.",https://www.autocosmos.cl/catalogo/vigente/peugeot/rifter
Peugeot,"Peugeot Traveller nuevos, precios del catálogo y cotizaciones.",https://www.autocosmos.cl/catalogo/vigente/peugeot/traveller
Ram,"RAM 1000 nuevos, precios del catálogo y cotizaciones.",https://www.autocosmos.cl/catalogo/vigente/ram/1000
Ram,"RAM 1500  nuevos, precios del catálogo y cotizaciones.",https://www.autocosmos.cl/catalogo/vigente/ram/1500
Ram,"RAM 2500 nuevos, precios del catálogo y cotizaciones.",https://www.autocosmos.cl/catalogo/vigente/ram/2500
Ram,"RAM 700 nuevos, precios del catálogo y cotizaciones.",https://www.autocosmos.cl/catalogo/vigente/ram/700
Ram,"RAM Rampage nuevos, precios del catálogo y cotizaciones.",https://www.autocosmos.cl/catalogo/vigente/ram/rampage
Ram,"RAM V1000 nuevos, precios del catálogo y cotizaciones.",https://www.autocosmos.cl/catalogo/vigente/ram/v1000
Ram,"RAM V700 City  nuevos, precios del catálogo y cotizaciones.",https://www.autocosmos.cl/catalogo/vigente/ram/v700-city
Ram,"RAM V700 Rapid nuevos, precios del catálogo y cotizaciones.",https://www.autocosmos.cl/catalogo/vigente/ram/v700-rapid
Renault,"Renault Arkana Hybrid nuevos, precios del catálogo y cotizaciones.",https://www.autocosmos.cl/catalogo/vigente/renault/arkana-hybrid
Renault,"Renault Duster nuevos, precios del catálogo y cotizaciones.",https://www.autocosmos.cl/catalogo/vigente/renault/duster
Renault,"Renault Koleos nuevos, precios del catálogo y cotizaciones.",https://www.autocosmos.cl/catalogo/vigente/renault/koleos
Renault,"Renault KWID E-TECH nuevos, precios del catálogo y cotizaciones.",https://www.autocosmos.cl/catalogo/vigente/renault/kwid-e-tech
Renault,"Renault Oroch  nuevos, precios del catálogo y cotizaciones.",https://www.autocosmos.cl/catalogo/vigente/renault/oroch
Ssangyong,"SsangYong Musso Grand nuevos, precios del catálogo y cotizaciones.",https://www.autocosmos.cl/catalogo/vigente/ssangyong/musso-grand
Ssangyong,"SsangYong Rexton nuevos, precios del catálogo y cotizaciones.",https://www.autocosmos.cl/catalogo/vigente/ssangyong/rexton
Ssangyong,"SsangYong Torres nuevos, precios del catálogo y cotizaciones.",https://www.autocosmos.cl/catalogo/vigente/ssangyong/torres
Ssangyong,"SsangYong Torres EVX nuevos, precios del catálogo y cotizaciones.",https://www.autocosmos.cl/catalogo/vigente/ssangyong/torres-evx
Suzuki,"Suzuki Alto nuevos, precios del catálogo y cotizaciones.",https://www.autocosmos.cl/catalogo/vigente/suzuki/alto
Suzuki,"Suzuki Baleno nuevos, precios del catálogo y cotizaciones.",https://www.autocosmos.cl/catalogo/vigente/suzuki/baleno
Suzuki,"Suzuki Celerio nuevos, precios del catálogo y cotizaciones.",https://www.autocosmos.cl/catalogo/vigente/suzuki/celerio
Suzuki,"Suzuki Fronx nuevos, precios del catálogo y cotizaciones.",https://www.autocosmos.cl/catalogo/vigente/suzuki/fronx
Suzuki,"Suzuki Grand Vitara nuevos, precios del catálogo y cotizaciones.",https://www.autocosmos.cl/catalogo/vigente/suzuki/grand-vitara
Suzuki,"Suzuki Jimny nuevos, precios del catálogo y cotizaciones.",https://www.autocosmos.cl/catalogo/vigente/suzuki/jimny
Suzuki,"Suzuki Jimny 5P nuevos, precios del catálogo y cotizaciones.",https://www.autocosmos.cl/catalogo/vigente/suzuki/jimny-5p
Suzuki,"Suzuki S-Presso nuevos, precios del catálogo y cotizaciones.",https://www.autocosmos.cl/catalogo/vigente/suzuki/s-presso
Suzuki,"Suzuki Swift Hybrid nuevos, precios del catálogo y cotizaciones.",https://www.autocosmos.cl/catalogo/vigente/suzuki/swift-hybrid
Suzuki,"Suzuki Swift Sport nuevos, precios del catálogo y cotizaciones.",https://www.autocosmos.cl/catalogo/vigente/suzuki/swift-sport
Suzuki,"Suzuki XL7 nuevos, precios del catálogo y cotizaciones.",https://www.autocosmos.cl/catalogo/vigente/suzuki/xl7
Toyota,"Toyota 4Runner nuevos, precios del catálogo y cotizaciones.",https://www.autocosmos.cl/catalogo/vigente/toyota/4runner
Toyota,"Toyota Corolla Cross Híbrido nuevos, precios del catálogo y cotizaciones.",https://www.autocosmos.cl/catalogo/vigente/toyota/corolla-cross-hibrido
Toyota,"Toyota Corolla Híbrido  nuevos, precios del catálogo y cotizaciones.",https://www.autocosmos.cl/catalogo/vigente/toyota/corolla-hibrido
Toyota,"Toyota Fortuner  nuevos, precios del catálogo y cotizaciones.",https://www.autocosmos.cl/catalogo/vigente/toyota/fortuner
Toyota,"Toyota Fortuner GR-S nuevos, precios del catálogo y cotizaciones.",https://www.autocosmos.cl/catalogo/vigente/toyota/fortuner-gr-s
Toyota,"Toyota Hilux nuevos, precios del catálogo y cotizaciones.",https://www.autocosmos.cl/catalogo/vigente/toyota/hilux
Toyota,"Toyota Hilux GR-S nuevos, precios del catálogo y cotizaciones.",https://www.autocosmos.cl/catalogo/vigente/toyota/hilux-gr-s
Toyota,"Toyota Land Cruiser Prado nuevos, precios del catálogo y cotizaciones.",https://www.autocosmos.cl/catalogo/vigente/toyota/land-cruiser-prado
Toyota,"Toyota Raize nuevos, precios del catálogo y cotizaciones.",https://www.autocosmos.cl/catalogo/vigente/toyota/raize
Toyota,"Toyota Rav4 nuevos, precios del catálogo y cotizaciones.",https://www.autocosmos.cl/catalogo/vigente/toyota/rav4
Toyota,"Toyota RAV4  Híbrido  nuevos, precios del catálogo y cotizaciones.",https://www.autocosmos.cl/catalogo/vigente/toyota/rav4--hibrido
Toyota,"Toyota Yaris nuevos, precios del catálogo y cotizaciones.",https://www.autocosmos.cl/catalogo/vigente/toyota/yaris
Toyota,"Toyota Yaris Cross nuevos, precios del catálogo y cotizaciones.",https://www.autocosmos.cl/catalogo/vigente/toyota/yaris-cross
Toyota,"Toyota Yaris Cross Híbrido nuevos, precios del catálogo y cotizaciones.",https://www.autocosmos.cl/catalogo/vigente/toyota/yaris-cross-hibrido
Toyota,"Toyota Yaris GR nuevos, precios del catálogo y cotizaciones.",https://www.autocosmos.cl/catalogo/vigente/toyota/yaris-gr
Toyota,"Toyota Yaris Hatchback nuevos, precios del catálogo y cotizaciones.",https://www.autocosmos.cl/catalogo/vigente/toyota/yaris-hatchback
Volkswagen,"Volkswagen Atlas  nuevos, precios del catálogo y cotizaciones.",https://www.autocosmos.cl/catalogo/vigente/volkswagen/atlas
Volkswagen,"Volkswagen ID.4 nuevos, precios del catálogo y cotizaciones.",https://www.autocosmos.cl/catalogo/vigente/volkswagen/id4
Volkswagen,"Volkswagen Jetta nuevos, precios del catálogo y cotizaciones.",https://www.autocosmos.cl/catalogo/vigente/volkswagen/jetta
Volkswagen,"Volkswagen Jetta GLI nuevos, precios del catálogo y cotizaciones.",https://www.autocosmos.cl/catalogo/vigente/volkswagen/jetta-gli
Volkswagen,"Volkswagen Nivus nuevos, precios del catálogo y cotizaciones.",https://www.autocosmos.cl/catalogo/vigente/volkswagen/nivus
Volkswagen,"Volkswagen Polo  nuevos, precios del catálogo y cotizaciones.",https://www.autocosmos.cl/catalogo/vigente/volkswagen/polo
Volkswagen,"Volkswagen Polo Track nuevos, precios del catálogo y cotizaciones.",https://www.autocosmos.cl/catalogo/vigente/volkswagen/polo-track
Volkswagen,"Volkswagen Saveiro nuevos, precios del catálogo y cotizaciones.",https://www.autocosmos.cl/catalogo/vigente/volkswagen/saveiro
Volkswagen,"Volkswagen Saveiro Cross nuevos, precios del catálogo y cotizaciones.",https://www.autocosmos.cl/catalogo/vigente/volkswagen/saveiro-cross
Volkswagen,"Volkswagen T-Cross nuevos, precios del catálogo y cotizaciones.",https://www.autocosmos.cl/catalogo/vigente/volkswagen/t-cross
Volkswagen,"Volkswagen Taos nuevos, precios del catálogo y cotizaciones.",https://www.autocosmos.cl/catalogo/vigente/volkswagen/taos
Volkswagen,"Volkswagen Tera nuevos, precios del catálogo y cotizaciones.",https://www.autocosmos.cl/catalogo/vigente/volkswagen/tera
Volkswagen,"Volkswagen Tiguan nuevos, precios del catálogo y cotizaciones.",https://www.autocosmos.cl/catalogo/vigente/volkswagen/tiguan
Volkswagen,"Volkswagen Transporter nuevos, precios del catálogo y cotizaciones.",https://www.autocosmos.cl/catalogo/vigente/volkswagen/transporter
Volkswagen,"Volkswagen Virtus  nuevos, precios del catálogo y cotizaciones.",https://www.autocosmos.cl/catalogo/vigente/volkswagen/virtus
Zna,"ZNA DF6 nuevos, precios del catálogo y cotizaciones.",https://www.autocosmos.cl/catalogo/vigente/zna/df6
Byd,"BYD Dolphin EV nuevos, precios del catálogo y cotizaciones.",https://www.autocosmos.cl/catalogo/vigente/byd/dolphin-ev
Byd,"BYD Dolphin MINI nuevos, precios del catálogo y cotizaciones.",https://www.autocosmos.cl/catalogo/vigente/byd/dolphin-mini
Byd,"BYD Han EV nuevos, precios del catálogo y cotizaciones.",https://www.autocosmos.cl/catalogo/vigente/byd/han-ev
Byd,"BYD Seal nuevos, precios del catálogo y cotizaciones.",https://www.autocosmos.cl/catalogo/vigente/byd/seal
Byd,"BYD Shark nuevos, precios del catálogo y cotizaciones.",https://www.autocosmos.cl/catalogo/vigente/byd/shark
Byd,"BYD Song Plus DM-i nuevos, precios del catálogo y cotizaciones.",https://www.autocosmos.cl/catalogo/vigente/byd/song-plus-dm-i
Byd,"BYD Song PRO nuevos, precios del catálogo y cotizaciones.",https://www.autocosmos.cl/catalogo/vigente/byd/song-pro
Byd,"BYD Tang nuevos, precios del catálogo y cotizaciones.",https://www.autocosmos.cl/catalogo/vigente/byd/tang
Byd,"BYD Yuan Plus EV nuevos, precios del catálogo y cotizaciones.",https://www.autocosmos.cl/catalogo/vigente/byd/yuan-plus-ev
Byd,"BYD Yuan Pro nuevos, precios del catálogo y cotizaciones.",https://www.autocosmos.cl/catalogo/vigente/byd/yuan-pro
Chery,"Chery Tiggo 2 Pro nuevos, precios del catálogo y cotizaciones.",https://www.autocosmos.cl/catalogo/vigente/chery/tiggo-2-pro
Chery,"Chery Tiggo 2 Pro Max nuevos, precios del catálogo y cotizaciones.",https://www.autocosmos.cl/catalogo/vigente/chery/tiggo-2-pro-max
Chery,"Chery Tiggo 3 Pro nuevos, precios del catálogo y cotizaciones.",https://www.autocosmos.cl/catalogo/vigente/chery/tiggo-3-pro
Chery,"Chery Tiggo 4 PRO Max nuevos, precios del catálogo y cotizaciones.",https://www.autocosmos.cl/catalogo/vigente/chery/tiggo-4-pro-max
Chery,"Chery Tiggo 7 Pro Max nuevos, precios del catálogo y cotizaciones.",https://www.autocosmos.cl/catalogo/vigente/chery/tiggo-7-pro-max
Chery,"Chery Tiggo 7 Pro Max PHEV nuevos, precios del catálogo y cotizaciones.",https://www.autocosmos.cl/catalogo/vigente/chery/tiggo-7-pro-max-phev
Chery,"Chery Tiggo 8 Pro Max nuevos, precios del catálogo y cotizaciones.",https://www.autocosmos.cl/catalogo/vigente/chery/tiggo-8-pro-max
Chery,"Chery Tiggo 8 Pro Max PHEV nuevos, precios del catálogo y cotizaciones.",https://www.autocosmos.cl/catalogo/vigente/chery/tiggo-8-pro-max-phev
Chery,"Chery Tiggo 9 nuevos, precios del catálogo y cotizaciones.",https://www.autocosmos.cl/catalogo/vigente/chery/tiggo-9
Citroen,"Citroën Berlingo nuevos, precios del catálogo y cotizaciones.",https://www.autocosmos.cl/catalogo/vigente/citroen/berlingo
Citroen,"Citroën Berlingo Multispace nuevos, precios del catálogo y cotizaciones.",https://www.autocosmos.cl/catalogo/vigente/citroen/berlingo-multispace
Citroen,"Citroën C3 nuevos, precios del catálogo y cotizaciones.",https://www.autocosmos.cl/catalogo/vigente/citroen/c3
Citroen,"Citroën C3 Aircross nuevos, precios del catálogo y cotizaciones.",https://www.autocosmos.cl/catalogo/vigente/citroen/c3-aircross
Citroen,"Citroën C4 nuevos, precios del catálogo y cotizaciones.",https://www.autocosmos.cl/catalogo/vigente/citroen/c4
Citroen,"Citroën C5 Aircross nuevos, precios del catálogo y cotizaciones.",https://www.autocosmos.cl/catalogo/vigente/citroen/c5-aircross
Citroen,"Citroën E-Berlingo nuevos, precios del catálogo y cotizaciones.",https://www.autocosmos.cl/catalogo/vigente/citroen/e-berlingo
Citroen,"Citroën Jumper  nuevos, precios del catálogo y cotizaciones.",https://www.autocosmos.cl/catalogo/vigente/citroen/jumper
Hyundai,"Hyundai Accent nuevos, precios del catálogo y cotizaciones.",https://www.autocosmos.cl/catalogo/vigente/hyundai/accent
Hyundai,"Hyundai Creta nuevos, precios del catálogo y cotizaciones.",https://www.autocosmos.cl/catalogo/vigente/hyundai/creta
Hyundai,"Hyundai Creta Grand nuevos, precios del catálogo y cotizaciones.",https://www.autocosmos.cl/catalogo/vigente/hyundai/creta-grand
Hyundai,"Hyundai Grand i10 nuevos, precios del catálogo y cotizaciones.",https://www.autocosmos.cl/catalogo/vigente/hyundai/grand-i10
Hyundai,"Hyundai Grand i10 Sedán nuevos, precios del catálogo y cotizaciones.",https://www.autocosmos.cl/catalogo/vigente/hyundai/grand-i10-sedan
Hyundai,"Hyundai i20 nuevos, precios del catálogo y cotizaciones.",https://www.autocosmos.cl/catalogo/vigente/hyundai/i20
Hyundai,"Hyundai Inster nuevos, precios del catálogo y cotizaciones.",https://www.autocosmos.cl/catalogo/vigente/hyundai/inster
Hyundai,"Hyundai Ioniq 5 nuevos, precios del catálogo y cotizaciones.",https://www.autocosmos.cl/catalogo/vigente/hyundai/ioniq-5
Hyundai,"Hyundai Kona nuevos, precios del catálogo y cotizaciones.",https://www.autocosmos.cl/catalogo/vigente/hyundai/kona
Hyundai,"Hyundai Kona EV nuevos, precios del catálogo y cotizaciones.",https://www.autocosmos.cl/catalogo/vigente/hyundai/kona-ev
Hyundai,"Hyundai Kona HEV nuevos, precios del catálogo y cotizaciones.",https://www.autocosmos.cl/catalogo/vigente/hyundai/kona-hev
Hyundai,"Hyundai Palisade  nuevos, precios del catálogo y cotizaciones.",https://www.autocosmos.cl/catalogo/vigente/hyundai/palisade
Hyundai,"Hyundai Porter nuevos, precios del catálogo y cotizaciones.",https://www.autocosmos.cl/catalogo/vigente/hyundai/porter
Hyundai,"Hyundai Santa Fe nuevos, precios del catálogo y cotizaciones.",https://www.autocosmos.cl/catalogo/vigente/hyundai/santa-fe
Hyundai,"Hyundai Santa Fe Híbrida nuevos, precios del catálogo y cotizaciones.",https://www.autocosmos.cl/catalogo/vigente/hyundai/santa-fe-hibrida
Hyundai,"Hyundai Staria nuevos, precios del catálogo y cotizaciones.",https://www.autocosmos.cl/catalogo/vigente/hyundai/staria
Hyundai,"Hyundai Staria Furgón nuevos, precios del catálogo y cotizaciones.",https://www.autocosmos.cl/catalogo/vigente/hyundai/staria-furgon
Hyundai,"Hyundai Tucson  nuevos, precios del catálogo y cotizaciones.",https://www.autocosmos.cl/catalogo/vigente/hyundai/tucson
Hyundai,"Hyundai Tucson Híbrido nuevos, precios del catálogo y cotizaciones.",https://www.autocosmos.cl/catalogo/vigente/hyundai/tucson-hibrido
Hyundai,"Hyundai Venue  nuevos, precios del catálogo y cotizaciones.",https://www.autocosmos.cl/catalogo/vigente/hyundai/venue
Mg,"MG 3 nuevos, precios del catálogo y cotizaciones.",https://www.autocosmos.cl/catalogo/vigente/mg/3
Mg,"MG 4 nuevos, precios del catálogo y cotizaciones.",https://www.autocosmos.cl/catalogo/vigente/mg/4
Mg,"MG 4 XPower nuevos, precios del catálogo y cotizaciones.",https://www.autocosmos.cl/catalogo/vigente/mg/4-xpower
Mg,"MG 5 nuevos, precios del catálogo y cotizaciones.",https://www.autocosmos.cl/catalogo/vigente/mg/5
Mg,"MG GT nuevos, precios del catálogo y cotizaciones.",https://www.autocosmos.cl/catalogo/vigente/mg/gt
Mg,"MG HS nuevos, precios del catálogo y cotizaciones.",https://www.autocosmos.cl/catalogo/vigente/mg/hs
Mg,"MG Marvel R nuevos, precios del catálogo y cotizaciones.",https://www.autocosmos.cl/catalogo/vigente/mg/marvel-r
Mg,"MG One nuevos, precios del catálogo y cotizaciones.",https://www.autocosmos.cl/catalogo/vigente/mg/one
Mg,"MG RX5 nuevos, precios del catálogo y cotizaciones.",https://www.autocosmos.cl/catalogo/vigente/mg/rx5
Mg,"MG RX9 nuevos, precios del catálogo y cotizaciones.",https://www.autocosmos.cl/catalogo/vigente/mg/rx9
Mg,"MG ZS  nuevos, precios del catálogo y cotizaciones.",https://www.autocosmos.cl/catalogo/vigente/mg/zs
Mg,"MG ZX nuevos, precios del catálogo y cotizaciones.",https://www.autocosmos.cl/catalogo/vigente/mg/zx
Exeed,"Exeed LX nuevos, precios del catálogo y cotizaciones.",https://www.autocosmos.cl/catalogo/vigente/exeed/lx
Exeed,"Exeed RX nuevos, precios del catálogo y cotizaciones.",https://www.autocosmos.cl/catalogo/vigente/exeed/rx
Exeed,"Exeed TXL nuevos, precios del catálogo y cotizaciones.",https://www.autocosmos.cl/catalogo/vigente/exeed/txl
Exeed,"Exeed VX nuevos, precios del catálogo y cotizaciones.",https://www.autocosmos.cl/catalogo/vigente/exeed/vx
Gac,"GAC AION ES nuevos, precios del catálogo y cotizaciones.",https://www.autocosmos.cl/catalogo/vigente/gac/aion-es
Gac,"GAC AION Y nuevos, precios del catálogo y cotizaciones.",https://www.autocosmos.cl/catalogo/vigente/gac/aion-y
Gac,"GAC EMKOO nuevos, precios del catálogo y cotizaciones.",https://www.autocosmos.cl/catalogo/vigente/gac/emkoo
Gac,"GAC EMKOO HEV nuevos, precios del catálogo y cotizaciones.",https://www.autocosmos.cl/catalogo/vigente/gac/emkoo-hev
Gac,"GAC EMPOW nuevos, precios del catálogo y cotizaciones.",https://www.autocosmos.cl/catalogo/vigente/gac/empow
Gac,"GAC EMZOOM nuevos, precios del catálogo y cotizaciones.",https://www.autocosmos.cl/catalogo/vigente/gac/emzoom
Gac,"GAC GS3 Power nuevos, precios del catálogo y cotizaciones.",https://www.autocosmos.cl/catalogo/vigente/gac/gs3-power
Gac,"GAC GS4 Power nuevos, precios del catálogo y cotizaciones.",https://www.autocosmos.cl/catalogo/vigente/gac/gs4-power
Gac,"GAC GS8 nuevos, precios del catálogo y cotizaciones.",https://www.autocosmos.cl/catalogo/vigente/gac/gs8
Jeep,"Jeep Avenger nuevos, precios del catálogo y cotizaciones.",https://www.autocosmos.cl/catalogo/vigente/jeep/avenger
Jeep,"Jeep Commander nuevos, precios del catálogo y cotizaciones.",https://www.autocosmos.cl/catalogo/vigente/jeep/commander
Jeep,"Jeep Compass  nuevos, precios del catálogo y cotizaciones.",https://www.autocosmos.cl/catalogo/vigente/jeep/compass
Jeep,"Jeep Compass 4xe nuevos, precios del catálogo y cotizaciones.",https://www.autocosmos.cl/catalogo/vigente/jeep/compass-4xe
Jeep,"Jeep Gladiator nuevos, precios del catálogo y cotizaciones.",https://www.autocosmos.cl/catalogo/vigente/jeep/gladiator
Jeep,"Jeep Grand Cherokee nuevos, precios del catálogo y cotizaciones.",https://www.autocosmos.cl/catalogo/vigente/jeep/grand-cherokee
Jeep,"Jeep Renegade nuevos, precios del catálogo y cotizaciones.",https://www.autocosmos.cl/catalogo/vigente/jeep/renegade
Jeep,"Jeep Wrangler nuevos, precios del catálogo y cotizaciones.",https://www.autocosmos.cl/catalogo/vigente/jeep/wrangler
Jetour,"Jetour Dashing nuevos, precios del catálogo y cotizaciones.",https://www.autocosmos.cl/catalogo/vigente/jetour/dashing
Jetour,"Jetour T1 nuevos, precios del catálogo y cotizaciones.",https://www.autocosmos.cl/catalogo/vigente/jetour/t1
Jetour,"Jetour T2 nuevos, precios del catálogo y cotizaciones.",https://www.autocosmos.cl/catalogo/vigente/jetour/t2
Jetour,"Jetour T2 PHEV nuevos, precios del catálogo y cotizaciones.",https://www.autocosmos.cl/catalogo/vigente/jetour/t2-phev
Jetour,"Jetour X50 nuevos, precios del catálogo y cotizaciones.",https://www.autocosmos.cl/catalogo/vigente/jetour/x50
Jetour,"Jetour X70 nuevos, precios del catálogo y cotizaciones.",https://www.autocosmos.cl/catalogo/vigente/jetour/x70
Jetour,"Jetour X70 Plus nuevos, precios del catálogo y cotizaciones.",https://www.autocosmos.cl/catalogo/vigente/jetour/x70-plus
Jetour,"Jetour X90 Plus nuevos, precios del catálogo y cotizaciones.",https://www.autocosmos.cl/catalogo/vigente/jetour/x90-plus
Kaiyi,"Kaiyi E5 nuevos, precios del catálogo y cotizaciones.",https://www.autocosmos.cl/catalogo/vigente/kaiyi/e5
Kaiyi,"Kaiyi KYX3 nuevos, precios del catálogo y cotizaciones.",https://www.autocosmos.cl/catalogo/vigente/kaiyi/kyx3
Kaiyi,"Kaiyi KYX3 Pro nuevos, precios del catálogo y cotizaciones.",https://www.autocosmos.cl/catalogo/vigente/kaiyi/kyx3-pro
Kaiyi,"Kaiyi KYX7 nuevos, precios del catálogo y cotizaciones.",https://www.autocosmos.cl/catalogo/vigente/kaiyi/kyx7
Kaiyi,"Kaiyi X3 nuevos, precios del catálogo y cotizaciones.",https://www.autocosmos.cl/catalogo/vigente/kaiyi/x3
Kaiyi,"Kaiyi X3 Pro nuevos, precios del catálogo y cotizaciones.",https://www.autocosmos.cl/catalogo/vigente/kaiyi/x3-pro
Opel,"Opel Combo nuevos, precios del catálogo y cotizaciones.",https://www.autocosmos.cl/catalogo/vigente/opel/combo
Opel,"Opel Corsa  nuevos, precios del catálogo y cotizaciones.",https://www.autocosmos.cl/catalogo/vigente/opel/corsa
Opel,"Opel Grandland nuevos, precios del catálogo y cotizaciones.",https://www.autocosmos.cl/catalogo/vigente/opel/grandland
Opel,"Opel Mokka nuevos, precios del catálogo y cotizaciones.",https://www.autocosmos.cl/catalogo/vigente/opel/mokka
Subaru,"Subaru Crosstrek nuevos, precios del catálogo y cotizaciones.",https://www.autocosmos.cl/catalogo/vigente/subaru/crosstrek
Subaru,"Subaru Crosstrek Híbrido nuevos, precios del catálogo y cotizaciones.",https://www.autocosmos.cl/catalogo/vigente/subaru/crosstrek-hibrido
Subaru,"Subaru Evoltis  nuevos, precios del catálogo y cotizaciones.",https://www.autocosmos.cl/catalogo/vigente/subaru/evoltis
Subaru,"Subaru Forester nuevos, precios del catálogo y cotizaciones.",https://www.autocosmos.cl/catalogo/vigente/subaru/forester
Subaru,"Subaru Forester Híbrido nuevos, precios del catálogo y cotizaciones.",https://www.autocosmos.cl/catalogo/vigente/subaru/forester-hibrido
Subaru,"Subaru Impreza Sport nuevos, precios del catálogo y cotizaciones.",https://www.autocosmos.cl/catalogo/vigente/subaru/impreza-sport
Subaru,"Subaru Outback nuevos, precios del catálogo y cotizaciones.",https://www.autocosmos.cl/catalogo/vigente/subaru/outback
Subaru,"Subaru WRX nuevos, precios del catálogo y cotizaciones.",https://www.autocosmos.cl/catalogo/vigente/subaru/wrx
Subaru,"Subaru WRX Sportwagon nuevos, precios del catálogo y cotizaciones.",https://www.autocosmos.cl/catalogo/vigente/subaru/wrx-sportwagon
Kyc,"KYC Gran Mamut Cabina Doble nuevos, precios del catálogo y cotizaciones.",https://www.autocosmos.cl/catalogo/vigente/kyc/gran-mamut-cabina-doble
Kyc,"KYC Gran Mamut Cabina Simple nuevos, precios del catálogo y cotizaciones.",https://www.autocosmos.cl/catalogo/vigente/kyc/gran-mamut-cabina-simple
Kyc,"KYC Gran Mamut Cargo Box nuevos, precios del catálogo y cotizaciones.",https://www.autocosmos.cl/catalogo/vigente/kyc/gran-mamut-cargo-box
Kyc,"KYC X5 nuevos, precios del catálogo y cotizaciones.",https://www.autocosmos.cl/catalogo/vigente/kyc/x5
Kyc,"KYC X5 Plus nuevos, precios del catálogo y cotizaciones.",https://www.autocosmos.cl/catalogo/vigente/kyc/x5-plus
