Model URL,Versions
https://www.autocosmos.cl/catalogo/vigente/changan/hunter,Changan Hunter  Comfort: https://www.autocosmos.cl/catalogo/2024/changan/hunter/comfort/176948; Changan Hunter  Luxury: https://www.autocosmos.cl/catalogo/2024/changan/hunter/luxury/176949; Changan Hunter  Comfort 4x4: https://www.autocosmos.cl/catalogo/2024/changan/hunter/comfort-4x4/176950; Changan Hunter  Elite Sport 4x4: https://www.autocosmos.cl/catalogo/2024/changan/hunter/elite-sport-4x4/176952
https://www.autocosmos.cl/catalogo/vigente/changan/md201-cargo-box,Changan MD201 Cargo Box 1.2L: https://www.autocosmos.cl/catalogo/2024/changan/md201-cargo-box/12l/176969; Changan MD201 Cargo Box 1.2L Ac: https://www.autocosmos.cl/catalogo/2024/changan/md201-cargo-box/12l-ac/176970
https://www.autocosmos.cl/catalogo/vigente/chevrolet/colorado,Chevrolet Colorado  2.8L Worktruck Flota B1: https://www.autocosmos.cl/catalogo/2024/chevrolet/colorado/28l-worktruck-flota-b1/178501; Chevrolet Colorado  2.8L Worktruck: https://www.autocosmos.cl/catalogo/2024/chevrolet/colorado/28l-worktruck/178471; Chevrolet Colorado  2.8L Worktruck AWD: https://www.autocosmos.cl/catalogo/2024/chevrolet/colorado/28l-worktruck-awd/178472; Chevrolet Colorado  2.8L Worktruck AWD Aut: https://www.autocosmos.cl/catalogo/2024/chevrolet/colorado/28l-worktruck-awd-aut/178473; Chevrolet Colorado  2.8L Z71 AWD Aut: https://www.autocosmos.cl/catalogo/2024/chevrolet/colorado/28l-z71-awd-aut/178474; Chevrolet Colorado  2.8L LTZ AWD Aut: https://www.autocosmos.cl/catalogo/2024/chevrolet/colorado/28l-ltz-awd-aut/177009; Chevrolet Colorado  2.8L High Country AWD Aut: https://www.autocosmos.cl/catalogo/2024/chevrolet/colorado/28l-high-country-awd-aut/177006
https://www.autocosmos.cl/catalogo/vigente/chevrolet/colorado-z71,Chevrolet Colorado Z71 2.8L Aut AWD: https://www.autocosmos.cl/catalogo/2024/chevrolet/colorado-z71/28l-aut-awd/177022
https://www.autocosmos.cl/catalogo/vigente/chevrolet/montana,Chevrolet Montana  LT 1.2: https://www.autocosmos.cl/catalogo/2024/chevrolet/montana/lt-12/177046; Chevrolet Montana  Premier 1.2 Aut: https://www.autocosmos.cl/catalogo/2024/chevrolet/montana/premier-12-aut/177034; Chevrolet Montana  LTZ 1.2 Aut S: https://www.autocosmos.cl/catalogo/2024/chevrolet/montana/ltz-12-aut-s/178469; Chevrolet Montana  RS 1.2 Aut: https://www.autocosmos.cl/catalogo/2024/chevrolet/montana/rs-12-aut/177047; Chevrolet Montana  LTZ 1.2 Aut R: https://www.autocosmos.cl/catalogo/2024/chevrolet/montana/ltz-12-aut-r/178470; Chevrolet Montana  Premier 1.2 Aut S: https://www.autocosmos.cl/catalogo/2024/chevrolet/montana/premier-12-aut-s/178520
https://www.autocosmos.cl/catalogo/vigente/chevrolet/silverado,Chevrolet Silverado 5.3L LT Trailboss 4x4: https://www.autocosmos.cl/catalogo/2024/chevrolet/silverado/53l-lt-trailboss-4x4/177023; Chevrolet Silverado 6.2L ZR2 4x4: https://www.autocosmos.cl/catalogo/2024/chevrolet/silverado/62l-zr2-4x4/177024; Chevrolet Silverado 3.0L High Country 4x4: https://www.autocosmos.cl/catalogo/2024/chevrolet/silverado/30l-high-country-4x4/177025
https://www.autocosmos.cl/catalogo/vigente/dfsk/d1,DFSK D1 Comfort: https://www.autocosmos.cl/catalogo/2024/dfsk/d1/comfort/177103; DFSK D1 Luxury: https://www.autocosmos.cl/catalogo/2024/dfsk/d1/luxury/177104; DFSK D1 Luxury Aut: https://www.autocosmos.cl/catalogo/2024/dfsk/d1/luxury-aut/177105
https://www.autocosmos.cl/catalogo/vigente/ford/maverick,Ford Maverick 2.0L XLT: https://www.autocosmos.cl/catalogo/2024/ford/maverick/20l-xlt/177183; Ford Maverick 2.0L Lariat 4x4: https://www.autocosmos.cl/catalogo/2024/ford/maverick/20l-lariat-4x4/177184
https://www.autocosmos.cl/catalogo/vigente/ford/ranger,Ford Ranger 2.0L XL 4x2: https://www.autocosmos.cl/catalogo/2024/ford/ranger/20l-xl-4x2/177193; Ford Ranger 2.0L XLS 4x2: https://www.autocosmos.cl/catalogo/2024/ford/ranger/20l-xls-4x2/177195; Ford Ranger 2.0L XL 4x4: https://www.autocosmos.cl/catalogo/2024/ford/ranger/20l-xl-4x4/177194; Ford Ranger 2.0L XLS 4x4: https://www.autocosmos.cl/catalogo/2024/ford/ranger/20l-xls-4x4/177196; Ford Ranger 2.0L XLT 4x2 Aut: https://www.autocosmos.cl/catalogo/2024/ford/ranger/20l-xlt-4x2-aut/177197; Ford Ranger 2.0L XLT 4x4: https://www.autocosmos.cl/catalogo/2024/ford/ranger/20l-xlt-4x4/177198; Ford Ranger 2.0L XLT 4x4 Aut: https://www.autocosmos.cl/catalogo/2024/ford/ranger/20l-xlt-4x4-aut/177199; Ford Ranger 3.0L Limited 4x4 Aut: https://www.autocosmos.cl/catalogo/2024/ford/ranger/30l-limited-4x4-aut/177200
https://www.autocosmos.cl/catalogo/vigente/foton/g7,Foton G7 2.0L Lite 4x2: https://www.autocosmos.cl/catalogo/2024/foton/g7/20l-lite-4x2/177212; Foton G7 2.0L Ultimate 4x2: https://www.autocosmos.cl/catalogo/2024/foton/g7/20l-ultimate-4x2/177216; Foton G7 2.0L Lite 4x4: https://www.autocosmos.cl/catalogo/2024/foton/g7/20l-lite-4x4/177213; Foton G7 2.0L Ultimate 4x4: https://www.autocosmos.cl/catalogo/2024/foton/g7/20l-ultimate-4x4/177217
https://www.autocosmos.cl/catalogo/vigente/great-wall/poer,Great Wall Poer Elite 4x2: https://www.autocosmos.cl/catalogo/2024/great-wall/poer/elite-4x2/177251; Great Wall Poer Elite 4x2 Pant: https://www.autocosmos.cl/catalogo/2024/great-wall/poer/elite-4x2-pant/178403; Great Wall Poer Deluxe 4x2: https://www.autocosmos.cl/catalogo/2024/great-wall/poer/deluxe-4x2/177249; Great Wall Poer Elite 4x4: https://www.autocosmos.cl/catalogo/2024/great-wall/poer/elite-4x4/177252; Great Wall Poer Elite 4x4 Pant: https://www.autocosmos.cl/catalogo/2024/great-wall/poer/elite-4x4-pant/178404; Great Wall Poer Deluxe 4x4: https://www.autocosmos.cl/catalogo/2024/great-wall/poer/deluxe-4x4/177250
https://www.autocosmos.cl/catalogo/vigente/jac/t8,JAC T8 2.0L Comfort 4x2: https://www.autocosmos.cl/catalogo/2024/jac/t8/20l-comfort-4x2/177371; JAC T8 2.0L Advance 4x2: https://www.autocosmos.cl/catalogo/2024/jac/t8/20l-advance-4x2/177373; JAC T8 2.0L Advance 4x4: https://www.autocosmos.cl/catalogo/2024/jac/t8/20l-advance-4x4/177374
https://www.autocosmos.cl/catalogo/vigente/jmc/grand-avenue,JMC Grand Avenue 2.3L 4x2: https://www.autocosmos.cl/catalogo/2024/jmc/grand-avenue/23l-4x2/178305; JMC Grand Avenue 2.3L 4x4: https://www.autocosmos.cl/catalogo/2024/jmc/grand-avenue/23l-4x4/178306; JMC Grand Avenue 2.3L 4x2 Aut: https://www.autocosmos.cl/catalogo/2024/jmc/grand-avenue/23l-4x2-aut/178307; JMC Grand Avenue 2.3L 4x4 Aut: https://www.autocosmos.cl/catalogo/2024/jmc/grand-avenue/23l-4x4-aut/178308
https://www.autocosmos.cl/catalogo/vigente/jmc/vigus-ev,JMC Vigus EV Vigus EV: https://www.autocosmos.cl/catalogo/2024/jmc/vigus-ev/vigus-ev/177431
https://www.autocosmos.cl/catalogo/vigente/jmc/vigus-plus,JMC Vigus Plus 2.4L 4x2: https://www.autocosmos.cl/catalogo/2024/jmc/vigus-plus/24l-4x2/177433; JMC Vigus Plus 2.4L 4x4: https://www.autocosmos.cl/catalogo/2024/jmc/vigus-plus/24l-4x4/177434
https://www.autocosmos.cl/catalogo/vigente/jmc/vigus-work,JMC Vigus Work 2.5L 4x2: https://www.autocosmos.cl/catalogo/2024/jmc/vigus-work/25l-4x2/177429; JMC Vigus Work 2.5L 4x4: https://www.autocosmos.cl/catalogo/2024/jmc/vigus-work/25l-4x4/177430
https://www.autocosmos.cl/catalogo/vigente/jmc/vigus-pro,JMC Vigus Pro 2.0L 4x2 Aut: https://www.autocosmos.cl/catalogo/2024/jmc/vigus-pro/20l-4x2-aut/177435; JMC Vigus Pro 2.0L 4x4 Aut: https://www.autocosmos.cl/catalogo/2024/jmc/vigus-pro/20l-4x4-aut/177436
https://www.autocosmos.cl/catalogo/vigente/karry/q52,Karry Q52 1.6L: https://www.autocosmos.cl/catalogo/2024/karry/q52/16l/177448
https://www.autocosmos.cl/catalogo/vigente/kia/frontier,Kia Frontier 2.5L Deluxe: https://www.autocosmos.cl/catalogo/2024/kia/frontier/25l-deluxe/177492
https://www.autocosmos.cl/catalogo/vigente/maxus/t60,Maxus T60 2.4L DX 4x2: https://www.autocosmos.cl/catalogo/2025/maxus/t60/24l-dx-4x2/178571; Maxus T60 2.8L DX 4x2 CS: https://www.autocosmos.cl/catalogo/2025/maxus/t60/28l-dx-4x2-cs/178566; Maxus T60 2.8L GL 4x2: https://www.autocosmos.cl/catalogo/2025/maxus/t60/28l-gl-4x2/178569; Maxus T60 2.8L GL 4x2 Aut: https://www.autocosmos.cl/catalogo/2025/maxus/t60/28l-gl-4x2-aut/178570; Maxus T60 2.8L DX 4x4: https://www.autocosmos.cl/catalogo/2025/maxus/t60/28l-dx-4x4/178567; Maxus T60 2.8L GL 4x4: https://www.autocosmos.cl/catalogo/2025/maxus/t60/28l-gl-4x4/178573; Maxus T60 2.8L Ancap 4x4: https://www.autocosmos.cl/catalogo/2025/maxus/t60/28l-ancap-4x4/178572; Maxus T60 2.8L GLX 4x4 Aut: https://www.autocosmos.cl/catalogo/2025/maxus/t60/28l-glx-4x4-aut/178574
https://www.autocosmos.cl/catalogo/vigente/maxus/t90,Maxus T90 2.0L 4x4 Aut: https://www.autocosmos.cl/catalogo/2024/maxus/t90/20l-4x4-aut/177582
https://www.autocosmos.cl/catalogo/vigente/maxus/t90-ev,Maxus T90 EV 4x2: https://www.autocosmos.cl/catalogo/2024/maxus/t90-ev/4x2/177587
https://www.autocosmos.cl/catalogo/vigente/mazda/bt-50,Mazda BT-50 3.0L 4x4 Core: https://www.autocosmos.cl/catalogo/2024/mazda/bt-50/30l-4x4-core/178367; Mazda BT-50 3.0L 4x4 Core: https://www.autocosmos.cl/catalogo/2024/mazda/bt-50/30l-4x4-core/178368; Mazda BT-50 3.0L 4x4 High Aut: https://www.autocosmos.cl/catalogo/2024/mazda/bt-50/30l-4x4-high-aut/177645; Mazda BT-50 3.0L 4x4 High Plus Aut: https://www.autocosmos.cl/catalogo/2024/mazda/bt-50/30l-4x4-high-plus-aut/177646
https://www.autocosmos.cl/catalogo/vigente/mitsubishi/l-200,Mitsubishi L-200 2.4L Work CR 4X2: https://www.autocosmos.cl/catalogo/2024/mitsubishi/l-200/24l-work-cr-4x2/177754; Mitsubishi L-200 2.4L Katana CR 4X2: https://www.autocosmos.cl/catalogo/2024/mitsubishi/l-200/24l-katana-cr-4x2/177753; Mitsubishi L-200 2.4L Katana CRT 4X4: https://www.autocosmos.cl/catalogo/2024/mitsubishi/l-200/24l-katana-crt-4x4/177755
https://www.autocosmos.cl/catalogo/vigente/nissan/navara,Nissan Navara SE 4x2: https://www.autocosmos.cl/catalogo/2024/nissan/navara/se-4x2/177804; Nissan Navara XE 4x2: https://www.autocosmos.cl/catalogo/2024/nissan/navara/xe-4x2/177806; Nissan Navara SE 4x4: https://www.autocosmos.cl/catalogo/2024/nissan/navara/se-4x4/177805; Nissan Navara XE 4x4: https://www.autocosmos.cl/catalogo/2024/nissan/navara/xe-4x4/177807; Nissan Navara XE 4x4 Aut: https://www.autocosmos.cl/catalogo/2024/nissan/navara/xe-4x4-aut/177808; Nissan Navara Platinum 4x4: https://www.autocosmos.cl/catalogo/2024/nissan/navara/platinum-4x4/178280; Nissan Navara Platinum 4x4 Aut: https://www.autocosmos.cl/catalogo/2024/nissan/navara/platinum-4x4-aut/177810; Nissan Navara 2.3D Pro-4X: https://www.autocosmos.cl/catalogo/2024/nissan/navara/23d-pro-4x/177786
https://www.autocosmos.cl/catalogo/vigente/peugeot/landtrek,Peugeot Landtrek Active BlueHDi 180 4x2: https://www.autocosmos.cl/catalogo/2024/peugeot/landtrek/active-bluehdi-180-4x2/177868; Peugeot Landtrek Active BlueHDi 180 4x4: https://www.autocosmos.cl/catalogo/2024/peugeot/landtrek/active-bluehdi-180-4x4/177869; Peugeot Landtrek Active BlueHDi 180 4x4 Aut: https://www.autocosmos.cl/catalogo/2024/peugeot/landtrek/active-bluehdi-180-4x4-aut/177870; Peugeot Landtrek Action4 BlueHDi 180 4x4 Aut: https://www.autocosmos.cl/catalogo/2024/peugeot/landtrek/action4-bluehdi-180-4x4-aut/177871
https://www.autocosmos.cl/catalogo/vigente/ram/700,RAM 700 1.4L SLT: https://www.autocosmos.cl/catalogo/2024/ram/700/14l-slt/177951; RAM 700 1.4L SLT CD: https://www.autocosmos.cl/catalogo/2024/ram/700/14l-slt-cd/177952; RAM 700 1.3L BigHorn: https://www.autocosmos.cl/catalogo/2024/ram/700/13l-bighorn/178441; RAM 700 1.4L BigHorn: https://www.autocosmos.cl/catalogo/2024/ram/700/14l-bighorn/177950; RAM 700 1.3L BigHorn CVT: https://www.autocosmos.cl/catalogo/2024/ram/700/13l-bighorn-cvt/178442; RAM 700 1.3L Laramie CVT Cabina Doble: https://www.autocosmos.cl/catalogo/2024/ram/700/13l-laramie-cvt-cabina-doble/178281
https://www.autocosmos.cl/catalogo/vigente/ram/rampage,RAM Rampage Bighorn: https://www.autocosmos.cl/catalogo/2024/ram/rampage/bighorn/178345; RAM Rampage Laramie: https://www.autocosmos.cl/catalogo/2024/ram/rampage/laramie/178346; RAM Rampage R/T: https://www.autocosmos.cl/catalogo/2024/ram/rampage/rt/178347
https://www.autocosmos.cl/catalogo/vigente/renault/oroch,Renault Oroch  1.6L Zen: https://www.autocosmos.cl/catalogo/2024/renault/oroch/16l-zen/177976; Renault Oroch  1.3L Intens Aut: https://www.autocosmos.cl/catalogo/2024/renault/oroch/13l-intens-aut/177977; Renault Oroch  1.3L Intens Aut Outsider: https://www.autocosmos.cl/catalogo/2024/renault/oroch/13l-intens-aut-outsider/177978; Renault Oroch  1.3L Intens 4x4: https://www.autocosmos.cl/catalogo/2024/renault/oroch/13l-intens-4x4/177979; Renault Oroch  1.3L Intens Outsider 4x4: https://www.autocosmos.cl/catalogo/2024/renault/oroch/13l-intens-outsider-4x4/177980
https://www.autocosmos.cl/catalogo/vigente/ssangyong/musso,SsangYong Musso 2.2TD GLX 4x4: https://www.autocosmos.cl/catalogo/2024/ssangyong/musso/22td-glx-4x4/178028; SsangYong Musso 2.2TD Limited Aut 4x4: https://www.autocosmos.cl/catalogo/2024/ssangyong/musso/22td-limited-aut-4x4/178029; SsangYong Musso 2.2TD Limited Plus 4x4 Aut: https://www.autocosmos.cl/catalogo/2024/ssangyong/musso/22td-limited-plus-4x4-aut/178030
https://www.autocosmos.cl/catalogo/vigente/toyota/hilux,Toyota Hilux 2.7L SR Gasolina CD 4x2: https://www.autocosmos.cl/catalogo/2024/toyota/hilux/27l-sr-gasolina-cd-4x2/178149; Toyota Hilux 2.4L DX CD 4x2: https://www.autocosmos.cl/catalogo/2024/toyota/hilux/24l-dx-cd-4x2/178145; Toyota Hilux 2.4L SR CD 4x2: https://www.autocosmos.cl/catalogo/2024/toyota/hilux/24l-sr-cd-4x2/178148; Toyota Hilux 2.4L SR CD 4x4: https://www.autocosmos.cl/catalogo/2024/toyota/hilux/24l-sr-cd-4x4/178147; Toyota Hilux 2.8L SR CD 4x4: https://www.autocosmos.cl/catalogo/2024/toyota/hilux/28l-sr-cd-4x4/178150; Toyota Hilux 2.8L SRV CD 4x4 Aut: https://www.autocosmos.cl/catalogo/2024/toyota/hilux/28l-srv-cd-4x4-aut/178151
https://www.autocosmos.cl/catalogo/vigente/byd/han-ev,BYD Han EV GS: https://www.autocosmos.cl/catalogo/2024/byd/han-ev/gs/176941
https://www.autocosmos.cl/catalogo/vigente/byd/qin,BYD Qin Plus DM-i: https://www.autocosmos.cl/catalogo/2024/byd/qin/plus-dm-i/176944
https://www.autocosmos.cl/catalogo/vigente/byd/seal,BYD Seal GS: https://www.autocosmos.cl/catalogo/2024/byd/seal/gs/176943
https://www.autocosmos.cl/catalogo/vigente/changan/alsvin,Changan Alsvin Comfort: https://www.autocosmos.cl/catalogo/2024/changan/alsvin/comfort/176945; Changan Alsvin Luxury: https://www.autocosmos.cl/catalogo/2024/changan/alsvin/luxury/176946; Changan Alsvin Elite Aut: https://www.autocosmos.cl/catalogo/2024/changan/alsvin/elite-aut/176947
https://www.autocosmos.cl/catalogo/vigente/chevrolet/onix,Chevrolet Onix 1.0T LTZ R: https://www.autocosmos.cl/catalogo/2024/chevrolet/onix/10t-ltz-r/178433; Chevrolet Onix 1.0T Premier S Aut: https://www.autocosmos.cl/catalogo/2024/chevrolet/onix/10t-premier-s-aut/178517
https://www.autocosmos.cl/catalogo/vigente/chevrolet/sail,Chevrolet Sail 1.5 LT: https://www.autocosmos.cl/catalogo/2024/chevrolet/sail/15-lt/176749; Chevrolet Sail 1.5 LTZ: https://www.autocosmos.cl/catalogo/2024/chevrolet/sail/15-ltz/176750; Chevrolet Sail 1.5 LTZ Aut: https://www.autocosmos.cl/catalogo/2024/chevrolet/sail/15-ltz-aut/176751
https://www.autocosmos.cl/catalogo/vigente/hyundai/grand-i10,Hyundai Grand i10 1.0L Go: https://www.autocosmos.cl/catalogo/2024/hyundai/grand-i10/10l-go/176703; Hyundai Grand i10 1.2L Plus: https://www.autocosmos.cl/catalogo/2024/hyundai/grand-i10/12l-plus/176700; Hyundai Grand i10 1.2L Design: https://www.autocosmos.cl/catalogo/2024/hyundai/grand-i10/12l-design/176702; Hyundai Grand i10 1.2L Plus Aut: https://www.autocosmos.cl/catalogo/2024/hyundai/grand-i10/12l-plus-aut/176701
https://www.autocosmos.cl/catalogo/vigente/kia/ev6,Kia EV6 GT-Line: https://www.autocosmos.cl/catalogo/2024/kia/ev6/gt-line/178369
https://www.autocosmos.cl/catalogo/vigente/kia/soluto,Kia Soluto 1.4L LX: https://www.autocosmos.cl/catalogo/2024/kia/soluto/14l-lx/177455; Kia Soluto 1.4L EX: https://www.autocosmos.cl/catalogo/2024/kia/soluto/14l-ex/177483
https://www.autocosmos.cl/catalogo/vigente/mg/3,MG 3 1.5L Std Plus: https://www.autocosmos.cl/catalogo/2024/mg/3/15l-std-plus/178359; MG 3 1.5L Com: https://www.autocosmos.cl/catalogo/2024/mg/3/15l-com/177707; MG 3 1.5L Std Aut: https://www.autocosmos.cl/catalogo/2024/mg/3/15l-std-aut/177710; MG 3 1.5L Std Plus Aut: https://www.autocosmos.cl/catalogo/2024/mg/3/15l-std-plus-aut/178360; MG 3 1.5L Com Aut: https://www.autocosmos.cl/catalogo/2024/mg/3/15l-com-aut/177708
https://www.autocosmos.cl/catalogo/vigente/mg/5,MG 5 1.5L COM: https://www.autocosmos.cl/catalogo/2024/mg/5/15l-com/177711; MG 5 1.5L DLX: https://www.autocosmos.cl/catalogo/2024/mg/5/15l-dlx/177713; MG 5 1.5L COM CVT: https://www.autocosmos.cl/catalogo/2024/mg/5/15l-com-cvt/177712; MG 5 1.5L DLX CVT: https://www.autocosmos.cl/catalogo/2024/mg/5/15l-dlx-cvt/177714
https://www.autocosmos.cl/catalogo/vigente/mg/6,MG 6 1.5L Com: https://www.autocosmos.cl/catalogo/2024/mg/6/15l-com/177715; MG 6 1.5L DLX: https://www.autocosmos.cl/catalogo/2024/mg/6/15l-dlx/177716
https://www.autocosmos.cl/catalogo/vigente/mg/gt,MG GT 1.5L Com: https://www.autocosmos.cl/catalogo/2024/mg/gt/15l-com/177704; MG GT 1.5L Com CVT: https://www.autocosmos.cl/catalogo/2024/mg/gt/15l-com-cvt/177705; MG GT 1.5L DLX DCT: https://www.autocosmos.cl/catalogo/2024/mg/gt/15l-dlx-dct/177732
https://www.autocosmos.cl/catalogo/vigente/nissan/leaf,Nissan LEAF Tekna: https://www.autocosmos.cl/catalogo/2024/nissan/leaf/tekna/177781
https://www.autocosmos.cl/catalogo/vigente/nissan/sentra,Nissan Sentra 2.0L Sense: https://www.autocosmos.cl/catalogo/2024/nissan/sentra/20l-sense/177785; Nissan Sentra 2.0L Advance CVT: https://www.autocosmos.cl/catalogo/2024/nissan/sentra/20l-advance-cvt/177783; Nissan Sentra 2.0L Exclusive CVT: https://www.autocosmos.cl/catalogo/2024/nissan/sentra/20l-exclusive-cvt/177784
https://www.autocosmos.cl/catalogo/vigente/nissan/versa,Nissan Versa 1.6L Sense: https://www.autocosmos.cl/catalogo/2024/nissan/versa/16l-sense/177799; Nissan Versa 1.6L Sense CVT: https://www.autocosmos.cl/catalogo/2024/nissan/versa/16l-sense-cvt/177800; Nissan Versa 1.6L Advance: https://www.autocosmos.cl/catalogo/2024/nissan/versa/16l-advance/177801; Nissan Versa 1.6L Advance CVT: https://www.autocosmos.cl/catalogo/2024/nissan/versa/16l-advance-cvt/177802; Nissan Versa 1.6L SR: https://www.autocosmos.cl/catalogo/2024/nissan/versa/16l-sr/178279; Nissan Versa 1.6L Exclusive Aut: https://www.autocosmos.cl/catalogo/2024/nissan/versa/16l-exclusive-aut/177803
https://www.autocosmos.cl/catalogo/vigente/toyota/corolla,Toyota Corolla 2.0L XEI: https://www.autocosmos.cl/catalogo/2024/toyota/corolla/20l-xei/178140; Toyota Corolla 2.0L XEI Aut: https://www.autocosmos.cl/catalogo/2024/toyota/corolla/20l-xei-aut/178141
https://www.autocosmos.cl/catalogo/vigente/toyota/yaris,Toyota Yaris 1.5L i: https://www.autocosmos.cl/catalogo/2024/toyota/yaris/15l-i/178184; Toyota Yaris 1.5L e: https://www.autocosmos.cl/catalogo/2024/toyota/yaris/15l-e/178185; Toyota Yaris 1.5L e CVT: https://www.autocosmos.cl/catalogo/2024/toyota/yaris/15l-e-cvt/178186
https://www.autocosmos.cl/catalogo/vigente/baic/x35,BAIC X35 1.5L Elite: https://www.autocosmos.cl/catalogo/2025/baic/x35/15l-elite/178512; BAIC X35 1.5L Comfort: https://www.autocosmos.cl/catalogo/2024/baic/x35/15l-comfort/176855; BAIC X35 1.5L Elite: https://www.autocosmos.cl/catalogo/2024/baic/x35/15l-elite/176848; BAIC X35 1.5L Luxury: https://www.autocosmos.cl/catalogo/2024/baic/x35/15l-luxury/176849
https://www.autocosmos.cl/catalogo/vigente/baic/x55,BAIC X55 1.5L Elite: https://www.autocosmos.cl/catalogo/2025/baic/x55/15l-elite/178511; BAIC X55 1.5L Comfort: https://www.autocosmos.cl/catalogo/2024/baic/x55/15l-comfort/176850; BAIC X55 1.5L Elite: https://www.autocosmos.cl/catalogo/2024/baic/x55/15l-elite/176851
https://www.autocosmos.cl/catalogo/vigente/byd/song-plus,BYD Song Plus GS: https://www.autocosmos.cl/catalogo/2024/byd/song-plus/gs/176936
https://www.autocosmos.cl/catalogo/vigente/byd/yuan-plus-ev,BYD Yuan Plus EV GL: https://www.autocosmos.cl/catalogo/2024/byd/yuan-plus-ev/gl/176938; BYD Yuan Plus EV GS: https://www.autocosmos.cl/catalogo/2024/byd/yuan-plus-ev/gs/176939
https://www.autocosmos.cl/catalogo/vigente/changan/cs15,Changan CS15 Luxury: https://www.autocosmos.cl/catalogo/2024/changan/cs15/luxury/176953; Changan CS15 Elite: https://www.autocosmos.cl/catalogo/2024/changan/cs15/elite/176954; Changan CS15 Elite Aut: https://www.autocosmos.cl/catalogo/2024/changan/cs15/elite-aut/176955
https://www.autocosmos.cl/catalogo/vigente/changan/cs35-plus,Changan CS35 Plus  1.6L Luxury: https://www.autocosmos.cl/catalogo/2024/changan/cs35-plus/16l-luxury/176973; Changan CS35 Plus  1.4L Elite Aut: https://www.autocosmos.cl/catalogo/2024/changan/cs35-plus/14l-elite-aut/178396
https://www.autocosmos.cl/catalogo/vigente/changan/cs55,Changan CS55 Comfort: https://www.autocosmos.cl/catalogo/2024/changan/cs55/comfort/176961; Changan CS55 Luxury: https://www.autocosmos.cl/catalogo/2024/changan/cs55/luxury/176962
https://www.autocosmos.cl/catalogo/vigente/chery/tiggo-2-pro,Chery Tiggo 2 Pro 1.5L GLS Limited Edition: https://www.autocosmos.cl/catalogo/2024/chery/tiggo-2-pro/15l-gls-limited-edition/178460
https://www.autocosmos.cl/catalogo/vigente/chery/tiggo-8,Chery Tiggo 8 1.5L GLS: https://www.autocosmos.cl/catalogo/2024/chery/tiggo-8/15l-gls/176989
https://www.autocosmos.cl/catalogo/vigente/chery/tiggo-3-pro,Chery Tiggo 3 Pro GLX Turbo: https://www.autocosmos.cl/catalogo/2024/chery/tiggo-3-pro/glx-turbo/177005; Chery Tiggo 3 Pro GLS CVT: https://www.autocosmos.cl/catalogo/2024/chery/tiggo-3-pro/gls-cvt/177000
https://www.autocosmos.cl/catalogo/vigente/chery/tiggo-7-pro,Chery Tiggo 7 Pro 1.5T GLS CVT: https://www.autocosmos.cl/catalogo/2024/chery/tiggo-7-pro/15t-gls-cvt/176993; Chery Tiggo 7 Pro 1.5T GLX CVT: https://www.autocosmos.cl/catalogo/2024/chery/tiggo-7-pro/15t-glx-cvt/176994
https://www.autocosmos.cl/catalogo/vigente/chevrolet/blazer,Chevrolet Blazer 3.6L RS 4x4 P: https://www.autocosmos.cl/catalogo/2024/chevrolet/blazer/36l-rs-4x4-p/178519; Chevrolet Blazer 3.6L RS 4x4: https://www.autocosmos.cl/catalogo/2024/chevrolet/blazer/36l-rs-4x4/177032
https://www.autocosmos.cl/catalogo/vigente/chevrolet/bolt,Chevrolet Bolt LTZ: https://www.autocosmos.cl/catalogo/2024/chevrolet/bolt/ltz/177055
https://www.autocosmos.cl/catalogo/vigente/chevrolet/captiva,Chevrolet Captiva  1.5T LTZ CVT R: https://www.autocosmos.cl/catalogo/2024/chevrolet/captiva/15t-ltz-cvt-r/178466; Chevrolet Captiva  1.5T Premier CVT P2: https://www.autocosmos.cl/catalogo/2024/chevrolet/captiva/15t-premier-cvt-p2/177054
https://www.autocosmos.cl/catalogo/vigente/chevrolet/groove,Chevrolet Groove LTZ S: https://www.autocosmos.cl/catalogo/2024/chevrolet/groove/ltz-s/178464; Chevrolet Groove 1.5L Premier S: https://www.autocosmos.cl/catalogo/2024/chevrolet/groove/15l-premier-s/178465
https://www.autocosmos.cl/catalogo/vigente/chevrolet/spin,Chevrolet Spin 1.8L Premier: https://www.autocosmos.cl/catalogo/2024/chevrolet/spin/18l-premier/177020
https://www.autocosmos.cl/catalogo/vigente/chevrolet/suburban,Chevrolet Suburban 5.3L 4x4: https://www.autocosmos.cl/catalogo/2024/chevrolet/suburban/53l-4x4/177014
https://www.autocosmos.cl/catalogo/vigente/chevrolet/tahoe,Chevrolet Tahoe Z71 5.3L LTZ 4x4: https://www.autocosmos.cl/catalogo/2024/chevrolet/tahoe/z71-53l-ltz-4x4/177015
https://www.autocosmos.cl/catalogo/vigente/chevrolet/tracker,Chevrolet Tracker 1.2L LTZ R: https://www.autocosmos.cl/catalogo/2024/chevrolet/tracker/12l-ltz-r/178407; Chevrolet Tracker 1.2L LTZ R Aut: https://www.autocosmos.cl/catalogo/2024/chevrolet/tracker/12l-ltz-r-aut/178434; Chevrolet Tracker 1.2L RS Aut R: https://www.autocosmos.cl/catalogo/2024/chevrolet/tracker/12l-rs-aut-r/177052; Chevrolet Tracker 1.2L Premier Aut R: https://www.autocosmos.cl/catalogo/2024/chevrolet/tracker/12l-premier-aut-r/178435
https://www.autocosmos.cl/catalogo/vigente/chevrolet/traverse,Chevrolet Traverse  3.6L LT 4x4: https://www.autocosmos.cl/catalogo/2024/chevrolet/traverse/36l-lt-4x4/177017; Chevrolet Traverse  3.6L RS 4x4: https://www.autocosmos.cl/catalogo/2024/chevrolet/traverse/36l-rs-4x4/177027; Chevrolet Traverse  3.6L Premier 4x4: https://www.autocosmos.cl/catalogo/2024/chevrolet/traverse/36l-premier-4x4/177018
https://www.autocosmos.cl/catalogo/vigente/dfsk/560,DFSK 560 1.8L Comfort 2R: https://www.autocosmos.cl/catalogo/2024/dfsk/560/18l-comfort-2r/177086; DFSK 560 1.8L Comfort: https://www.autocosmos.cl/catalogo/2024/dfsk/560/18l-comfort/177090
https://www.autocosmos.cl/catalogo/vigente/dfsk/600,DFSK 600 1.5L Comfort: https://www.autocosmos.cl/catalogo/2024/dfsk/600/15l-comfort/178269; DFSK 600 1.5L Comfort Aut: https://www.autocosmos.cl/catalogo/2024/dfsk/600/15l-comfort-aut/178270; DFSK 600 1.5L Luxury Aut: https://www.autocosmos.cl/catalogo/2024/dfsk/600/15l-luxury-aut/178271
https://www.autocosmos.cl/catalogo/vigente/exeed/lx,Exeed LX 1.5L Advanced: https://www.autocosmos.cl/catalogo/2024/exeed/lx/15l-advanced/177134; Exeed LX 1.5L Unlimited: https://www.autocosmos.cl/catalogo/2024/exeed/lx/15l-unlimited/177135; Exeed LX 1.5L Unlimited AWD: https://www.autocosmos.cl/catalogo/2024/exeed/lx/15l-unlimited-awd/177136
https://www.autocosmos.cl/catalogo/vigente/exeed/txl,Exeed TXL 2.0L Unlimited: https://www.autocosmos.cl/catalogo/2024/exeed/txl/20l-unlimited/177132; Exeed TXL 2.0L Unlimited 4X4: https://www.autocosmos.cl/catalogo/2024/exeed/txl/20l-unlimited-4x4/177133
https://www.autocosmos.cl/catalogo/vigente/fiat/fastback,FIAT Fastback Drive: https://www.autocosmos.cl/catalogo/2024/fiat/fastback/drive/177152; FIAT Fastback Impetus: https://www.autocosmos.cl/catalogo/2024/fiat/fastback/impetus/177157
https://www.autocosmos.cl/catalogo/vigente/fiat/pulse,FIAT Pulse 1.3L Drive: https://www.autocosmos.cl/catalogo/2024/fiat/pulse/13l-drive/177146; FIAT Pulse 1.3L Drive Aut: https://www.autocosmos.cl/catalogo/2024/fiat/pulse/13l-drive-aut/177147; FIAT Pulse 1.0L Audace Aut: https://www.autocosmos.cl/catalogo/2024/fiat/pulse/10l-audace-aut/177149; FIAT Pulse 1.0L Impetus Aut: https://www.autocosmos.cl/catalogo/2024/fiat/pulse/10l-impetus-aut/177148
https://www.autocosmos.cl/catalogo/vigente/ford/escape,Ford Escape 2.0L Platinum AWD: https://www.autocosmos.cl/catalogo/2024/ford/escape/20l-platinum-awd/178330
https://www.autocosmos.cl/catalogo/vigente/ford/territory,Ford Territory 1.5L Trend: https://www.autocosmos.cl/catalogo/2024/ford/territory/15l-trend/177185; Ford Territory 1.5L Titanium: https://www.autocosmos.cl/catalogo/2024/ford/territory/15l-titanium/177186
https://www.autocosmos.cl/catalogo/vigente/gac/emkoo,GAC EMKOO 1.5T GE: https://www.autocosmos.cl/catalogo/2024/gac/emkoo/15t-ge/177228; GAC EMKOO 1.5T GL: https://www.autocosmos.cl/catalogo/2024/gac/emkoo/15t-gl/177229
https://www.autocosmos.cl/catalogo/vigente/gac/emzoom,GAC EMZOOM 1.5T GB: https://www.autocosmos.cl/catalogo/2024/gac/emzoom/15t-gb/177232; GAC EMZOOM 1.5T GL: https://www.autocosmos.cl/catalogo/2024/gac/emzoom/15t-gl/177233; GAC EMZOOM 1.5T GL R-Style: https://www.autocosmos.cl/catalogo/2024/gac/emzoom/15t-gl-r-style/177234
https://www.autocosmos.cl/catalogo/vigente/gac/gs3-power,GAC GS3 Power 1.5L GS: https://www.autocosmos.cl/catalogo/2024/gac/gs3-power/15l-gs/178328; GAC GS3 Power 1.5L GB: https://www.autocosmos.cl/catalogo/2024/gac/gs3-power/15l-gb/177222; GAC GS3 Power 1.5L GS Aut: https://www.autocosmos.cl/catalogo/2024/gac/gs3-power/15l-gs-aut/178329; GAC GS3 Power 1.5L GB Aut: https://www.autocosmos.cl/catalogo/2024/gac/gs3-power/15l-gb-aut/177223
https://www.autocosmos.cl/catalogo/vigente/gac/gs4-power,GAC GS4 Power 1.5L GB: https://www.autocosmos.cl/catalogo/2024/gac/gs4-power/15l-gb/177219; GAC GS4 Power 1.5L GB Aut: https://www.autocosmos.cl/catalogo/2024/gac/gs4-power/15l-gb-aut/177220; GAC GS4 Power 1.5L GE Aut: https://www.autocosmos.cl/catalogo/2024/gac/gs4-power/15l-ge-aut/177230; GAC GS4 Power 1.5L GL Aut: https://www.autocosmos.cl/catalogo/2024/gac/gs4-power/15l-gl-aut/177231
https://www.autocosmos.cl/catalogo/vigente/gac/gs8,GAC GS8 GL: https://www.autocosmos.cl/catalogo/2024/gac/gs8/gl/177224; GAC GS8 GT: https://www.autocosmos.cl/catalogo/2024/gac/gs8/gt/177225; GAC GS8 GT 4x4: https://www.autocosmos.cl/catalogo/2024/gac/gs8/gt-4x4/177226; GAC GS8 GX 4x4: https://www.autocosmos.cl/catalogo/2024/gac/gs8/gx-4x4/177227
https://www.autocosmos.cl/catalogo/vigente/haval/h6,Haval H6 2.0T Active Aut: https://www.autocosmos.cl/catalogo/2024/haval/h6/20t-active-aut/177257; Haval H6 2.0T Elite Aut: https://www.autocosmos.cl/catalogo/2024/haval/h6/20t-elite-aut/177258; Haval H6 2.0L Deluxe Aut: https://www.autocosmos.cl/catalogo/2024/haval/h6/20l-deluxe-aut/177259; Haval H6 2.0L Deluxe 4x4 Aut: https://www.autocosmos.cl/catalogo/2024/haval/h6/20l-deluxe-4x4-aut/177260
https://www.autocosmos.cl/catalogo/vigente/haval/jolion,Haval Jolion 1.5T Active: https://www.autocosmos.cl/catalogo/2024/haval/jolion/15t-active/177256; Haval Jolion 1.5T Elite: https://www.autocosmos.cl/catalogo/2024/haval/jolion/15t-elite/177267; Haval Jolion 1.5T Elite Aut: https://www.autocosmos.cl/catalogo/2024/haval/jolion/15t-elite-aut/178325; Haval Jolion 1.5T Deluxe Aut: https://www.autocosmos.cl/catalogo/2024/haval/jolion/15t-deluxe-aut/178326
https://www.autocosmos.cl/catalogo/vigente/hyundai/creta,Hyundai Creta 1.5L Go: https://www.autocosmos.cl/catalogo/2024/hyundai/creta/15l-go/178314; Hyundai Creta 1.5L Plus: https://www.autocosmos.cl/catalogo/2024/hyundai/creta/15l-plus/177291; Hyundai Creta 1.5L Plus CVT: https://www.autocosmos.cl/catalogo/2024/hyundai/creta/15l-plus-cvt/178315; Hyundai Creta 1.5L Design: https://www.autocosmos.cl/catalogo/2024/hyundai/creta/15l-design/178316; Hyundai Creta 1.5L Design CVT: https://www.autocosmos.cl/catalogo/2024/hyundai/creta/15l-design-cvt/178317; Hyundai Creta 1.5L Premium CVT: https://www.autocosmos.cl/catalogo/2024/hyundai/creta/15l-premium-cvt/178318
https://www.autocosmos.cl/catalogo/vigente/hyundai/ioniq-5,Hyundai Ioniq 5 Premium: https://www.autocosmos.cl/catalogo/2024/hyundai/ioniq-5/premium/177339; Hyundai Ioniq 5 Limited: https://www.autocosmos.cl/catalogo/2024/hyundai/ioniq-5/limited/177340; Hyundai Ioniq 5 Limited AWD: https://www.autocosmos.cl/catalogo/2024/hyundai/ioniq-5/limited-awd/177341
https://www.autocosmos.cl/catalogo/vigente/hyundai/kona,Hyundai Kona 2.0L Plus CVT: https://www.autocosmos.cl/catalogo/2024/hyundai/kona/20l-plus-cvt/178546; Hyundai Kona 2.0L Design CVT: https://www.autocosmos.cl/catalogo/2024/hyundai/kona/20l-design-cvt/178547; Hyundai Kona 1.6T N-Line AWD: https://www.autocosmos.cl/catalogo/2024/hyundai/kona/16t-n-line-awd/178548
https://www.autocosmos.cl/catalogo/vigente/hyundai/palisade,Hyundai Palisade  3.5L LX Premium AWD Aut: https://www.autocosmos.cl/catalogo/2024/hyundai/palisade/35l-lx-premium-awd-aut/177336; Hyundai Palisade  2.2L LX Premium AWD Aut: https://www.autocosmos.cl/catalogo/2024/hyundai/palisade/22l-lx-premium-awd-aut/177337; Hyundai Palisade  2.2L LX Limited AWD Aut: https://www.autocosmos.cl/catalogo/2024/hyundai/palisade/22l-lx-limited-awd-aut/177338
https://www.autocosmos.cl/catalogo/vigente/hyundai/santa-fe,Hyundai Santa Fe 2.5L Plus Aut: https://www.autocosmos.cl/catalogo/2025/hyundai/santa-fe/25l-plus-aut/178529; Hyundai Santa Fe 2.5L Design Aut: https://www.autocosmos.cl/catalogo/2025/hyundai/santa-fe/25l-design-aut/178533; Hyundai Santa Fe 2.5L Design AWD Aut: https://www.autocosmos.cl/catalogo/2025/hyundai/santa-fe/25l-design-awd-aut/178534; Hyundai Santa Fe 2.5L Premium AWD Aut: https://www.autocosmos.cl/catalogo/2025/hyundai/santa-fe/25l-premium-awd-aut/178535; Hyundai Santa Fe 2.5T Limited AWD Aut: https://www.autocosmos.cl/catalogo/2025/hyundai/santa-fe/25t-limited-awd-aut/178536; Hyundai Santa Fe 2.5T Calligraphy AWD Aut: https://www.autocosmos.cl/catalogo/2025/hyundai/santa-fe/25t-calligraphy-awd-aut/178537
https://www.autocosmos.cl/catalogo/vigente/hyundai/tucson,Hyundai Tucson  NX4 2.0L Go: https://www.autocosmos.cl/catalogo/2024/hyundai/tucson/nx4-20l-go/178515; Hyundai Tucson  NX4 2.0L Plus Aut: https://www.autocosmos.cl/catalogo/2024/hyundai/tucson/nx4-20l-plus-aut/178516; Hyundai Tucson  NX4 2.0L Plus AWD Aut: https://www.autocosmos.cl/catalogo/2024/hyundai/tucson/nx4-20l-plus-awd-aut/178518; Hyundai Tucson  NX4 2.0L Blackline Aut: https://www.autocosmos.cl/catalogo/2024/hyundai/tucson/nx4-20l-blackline-aut/178521; Hyundai Tucson  NX4 2.0L CRDi Plus Aut: https://www.autocosmos.cl/catalogo/2024/hyundai/tucson/nx4-20l-crdi-plus-aut/178524; Hyundai Tucson  NX4 1.6T Design Aut: https://www.autocosmos.cl/catalogo/2024/hyundai/tucson/nx4-16t-design-aut/178522; Hyundai Tucson  NX4 2.0L CRDi Plus AWD Aut: https://www.autocosmos.cl/catalogo/2024/hyundai/tucson/nx4-20l-crdi-plus-awd-aut/178525; Hyundai Tucson  NX4 2.0L CRDi Design AWD Aut: https://www.autocosmos.cl/catalogo/2024/hyundai/tucson/nx4-20l-crdi-design-awd-aut/178526; Hyundai Tucson  NX4 1.6T Limited AWD Aut: https://www.autocosmos.cl/catalogo/2024/hyundai/tucson/nx4-16t-limited-awd-aut/178523
https://www.autocosmos.cl/catalogo/vigente/hyundai/venue,Hyundai Venue  1.6L Go: https://www.autocosmos.cl/catalogo/2024/hyundai/venue/16l-go/178542; Hyundai Venue  1.6L Plus: https://www.autocosmos.cl/catalogo/2024/hyundai/venue/16l-plus/177302; Hyundai Venue  1.6L Plus Aut: https://www.autocosmos.cl/catalogo/2024/hyundai/venue/16l-plus-aut/178543; Hyundai Venue  1.6L Premium Aut: https://www.autocosmos.cl/catalogo/2024/hyundai/venue/16l-premium-aut/177303
https://www.autocosmos.cl/catalogo/vigente/jac/js2,JAC JS2 1.5L Comfort Smart: https://www.autocosmos.cl/catalogo/2024/jac/js2/15l-comfort-smart/177354; JAC JS2 1.5L Luxury: https://www.autocosmos.cl/catalogo/2024/jac/js2/15l-luxury/177356; JAC JS2 1.5L Comfort Aut: https://www.autocosmos.cl/catalogo/2024/jac/js2/15l-comfort-aut/177355; JAC JS2 1.5L Luxury Aut: https://www.autocosmos.cl/catalogo/2024/jac/js2/15l-luxury-aut/177357
https://www.autocosmos.cl/catalogo/vigente/jac/js3,JAC JS3 1.6L Comfort: https://www.autocosmos.cl/catalogo/2024/jac/js3/16l-comfort/177349; JAC JS3 1.6L Luxury: https://www.autocosmos.cl/catalogo/2024/jac/js3/16l-luxury/177350; JAC JS3 1.6L Advance: https://www.autocosmos.cl/catalogo/2024/jac/js3/16l-advance/177351; JAC JS3 1.6L Luxury Aut: https://www.autocosmos.cl/catalogo/2024/jac/js3/16l-luxury-aut/177352; JAC JS3 1.6L Advance Aut: https://www.autocosmos.cl/catalogo/2024/jac/js3/16l-advance-aut/177353
https://www.autocosmos.cl/catalogo/vigente/jac/js4,JAC JS4 1.6L Comfort: https://www.autocosmos.cl/catalogo/2024/jac/js4/16l-comfort/177358; JAC JS4 1.6L Comfort Bicolor: https://www.autocosmos.cl/catalogo/2024/jac/js4/16l-comfort-bicolor/177359; JAC JS4 1.5T Luxury: https://www.autocosmos.cl/catalogo/2024/jac/js4/15t-luxury/177360; JAC JS4 1.5T Luxury Bicolor: https://www.autocosmos.cl/catalogo/2024/jac/js4/15t-luxury-bicolor/177361; JAC JS4 1.5T Luxury Aut: https://www.autocosmos.cl/catalogo/2024/jac/js4/15t-luxury-aut/177362; JAC JS4 1.5T Luxury Aut Bicolor: https://www.autocosmos.cl/catalogo/2024/jac/js4/15t-luxury-aut-bicolor/177363; JAC JS4 1.5T Advance Aut: https://www.autocosmos.cl/catalogo/2024/jac/js4/15t-advance-aut/177364; JAC JS4 1.5T Advance Aut Bicolor: https://www.autocosmos.cl/catalogo/2024/jac/js4/15t-advance-aut-bicolor/177365
https://www.autocosmos.cl/catalogo/vigente/jac/js6,JAC JS6 Comfort CE DCT: https://www.autocosmos.cl/catalogo/2024/jac/js6/comfort-ce-dct/177366; JAC JS6 Luxury SE DCT: https://www.autocosmos.cl/catalogo/2024/jac/js6/luxury-se-dct/177367; JAC JS6 Advance XE DCT: https://www.autocosmos.cl/catalogo/2024/jac/js6/advance-xe-dct/177368
https://www.autocosmos.cl/catalogo/vigente/jac/js8,JAC JS8 1.5L Comfort CE: https://www.autocosmos.cl/catalogo/2024/jac/js8/15l-comfort-ce/177348; JAC JS8 1.5L Luxury SE: https://www.autocosmos.cl/catalogo/2024/jac/js8/15l-luxury-se/177375; JAC JS8 1.5L Luxury SE DCT: https://www.autocosmos.cl/catalogo/2024/jac/js8/15l-luxury-se-dct/177376; JAC JS8 1.5L Advance XE DCT: https://www.autocosmos.cl/catalogo/2024/jac/js8/15l-advance-xe-dct/177377
https://www.autocosmos.cl/catalogo/vigente/jeep/commander,Jeep Commander 1.3L Limited 4x2: https://www.autocosmos.cl/catalogo/2024/jeep/commander/13l-limited-4x2/178311; Jeep Commander 1.3L Overland 4x2: https://www.autocosmos.cl/catalogo/2024/jeep/commander/13l-overland-4x2/177416; Jeep Commander 1.3L Limited 4x4: https://www.autocosmos.cl/catalogo/2024/jeep/commander/13l-limited-4x4/178312; Jeep Commander 2.0L Overland 4x4: https://www.autocosmos.cl/catalogo/2024/jeep/commander/20l-overland-4x4/177410
https://www.autocosmos.cl/catalogo/vigente/jeep/compass,Jeep Compass  1.3L Sport: https://www.autocosmos.cl/catalogo/2024/jeep/compass/13l-sport/177412; Jeep Compass  1.3L Longitude: https://www.autocosmos.cl/catalogo/2024/jeep/compass/13l-longitude/177413; Jeep Compass  1.3L Limited: https://www.autocosmos.cl/catalogo/2024/jeep/compass/13l-limited/177414
https://www.autocosmos.cl/catalogo/vigente/jeep/grand-cherokee,Jeep Grand Cherokee 3.6L Altitude: https://www.autocosmos.cl/catalogo/2024/jeep/grand-cherokee/36l-altitude/178313; Jeep Grand Cherokee 3.6L Limited: https://www.autocosmos.cl/catalogo/2024/jeep/grand-cherokee/36l-limited/177420
https://www.autocosmos.cl/catalogo/vigente/jeep/renegade,Jeep Renegade 1.3L Sport: https://www.autocosmos.cl/catalogo/2024/jeep/renegade/13l-sport/177417; Jeep Renegade 1.3L Longitude: https://www.autocosmos.cl/catalogo/2024/jeep/renegade/13l-longitude/177418; Jeep Renegade 1.3L Longitude X: https://www.autocosmos.cl/catalogo/2024/jeep/renegade/13l-longitude-x/177419
https://www.autocosmos.cl/catalogo/vigente/jeep/wrangler,Jeep Wrangler 3.6L Unlimited Sahara: https://www.autocosmos.cl/catalogo/2024/jeep/wrangler/36l-unlimited-sahara/177415; Jeep Wrangler 3.6L Unlimited Rubicon: https://www.autocosmos.cl/catalogo/2024/jeep/wrangler/36l-unlimited-rubicon/177408
https://www.autocosmos.cl/catalogo/vigente/jetour/dashing,Jetour Dashing 1.5 Turbo LUX: https://www.autocosmos.cl/catalogo/2024/jetour/dashing/15-turbo-lux/177425; Jetour Dashing 1.5 Turbo LUX DCT: https://www.autocosmos.cl/catalogo/2024/jetour/dashing/15-turbo-lux-dct/177426; Jetour Dashing 1.5 Turbo Limited DCT: https://www.autocosmos.cl/catalogo/2024/jetour/dashing/15-turbo-limited-dct/177427
https://www.autocosmos.cl/catalogo/vigente/jetour/x70,Jetour X70 1.5L GLS: https://www.autocosmos.cl/catalogo/2024/jetour/x70/15l-gls/177422; Jetour X70 1.5L GLX Aut: https://www.autocosmos.cl/catalogo/2024/jetour/x70/15l-glx-aut/177423
https://www.autocosmos.cl/catalogo/vigente/jetour/x70-plus,Jetour X70 Plus 1.5T: https://www.autocosmos.cl/catalogo/2024/jetour/x70-plus/15t/177424; Jetour X70 Plus 1.6T: https://www.autocosmos.cl/catalogo/2024/jetour/x70-plus/16t/178309; Jetour X70 Plus 1.6T Lux: https://www.autocosmos.cl/catalogo/2024/jetour/x70-plus/16t-lux/178563
https://www.autocosmos.cl/catalogo/vigente/jetour/x90-plus,Jetour X90 Plus 2.0T: https://www.autocosmos.cl/catalogo/2024/jetour/x90-plus/20t/178310
https://www.autocosmos.cl/catalogo/vigente/kaiyi/x3,Kaiyi X3 1.5L STD: https://www.autocosmos.cl/catalogo/2024/kaiyi/x3/15l-std/177438; Kaiyi X3 1.5L Lux: https://www.autocosmos.cl/catalogo/2024/kaiyi/x3/15l-lux/177439; Kaiyi X3 1.5L Lux Aut: https://www.autocosmos.cl/catalogo/2024/kaiyi/x3/15l-lux-aut/177440
https://www.autocosmos.cl/catalogo/vigente/kia/carens,Kia Carens  1.5L LX: https://www.autocosmos.cl/catalogo/2024/kia/carens/15l-lx/177474; Kia Carens  1.4L EX Turbo: https://www.autocosmos.cl/catalogo/2024/kia/carens/14l-ex-turbo/177476; Kia Carens  1.4L EX Turbo Full: https://www.autocosmos.cl/catalogo/2024/kia/carens/14l-ex-turbo-full/177475
https://www.autocosmos.cl/catalogo/vigente/kia/ev9,Kia EV9 GT-Line P1: https://www.autocosmos.cl/catalogo/2024/kia/ev9/gt-line-p1/178370; Kia EV9 GT-Line P2: https://www.autocosmos.cl/catalogo/2024/kia/ev9/gt-line-p2/178371; Kia EV9 GT-Line 7P: https://www.autocosmos.cl/catalogo/2024/kia/ev9/gt-line-7p/178373
https://www.autocosmos.cl/catalogo/vigente/kia/seltos,Kia Seltos 1.5L EX: https://www.autocosmos.cl/catalogo/2024/kia/seltos/15l-ex/177495; Kia Seltos 1.5L EX IVT: https://www.autocosmos.cl/catalogo/2024/kia/seltos/15l-ex-ivt/177496; Kia Seltos 1.4L EX DCT Turbo: https://www.autocosmos.cl/catalogo/2024/kia/seltos/14l-ex-dct-turbo/177497; Kia Seltos 1.4L EX DCT Turbo Full: https://www.autocosmos.cl/catalogo/2024/kia/seltos/14l-ex-dct-turbo-full/177498
https://www.autocosmos.cl/catalogo/vigente/kia/sonet,Kia Sonet 1.5L EX: https://www.autocosmos.cl/catalogo/2024/kia/sonet/15l-ex/178497; Kia Sonet 1.5L EX Aut: https://www.autocosmos.cl/catalogo/2024/kia/sonet/15l-ex-aut/177494; Kia Sonet 1.5L EX Full: https://www.autocosmos.cl/catalogo/2024/kia/sonet/15l-ex-full/178498; Kia Sonet 1.5L EX Full Aut: https://www.autocosmos.cl/catalogo/2024/kia/sonet/15l-ex-full-aut/178499
https://www.autocosmos.cl/catalogo/vigente/kia/sorento,Kia Sorento 2.5L EX GSL 2WD Aut: https://www.autocosmos.cl/catalogo/2024/kia/sorento/25l-ex-gsl-2wd-aut/177458; Kia Sorento 2.5L EX GSL AWD Full Aut: https://www.autocosmos.cl/catalogo/2024/kia/sorento/25l-ex-gsl-awd-full-aut/177459; Kia Sorento 2.2L EX DSL 2WD Aut: https://www.autocosmos.cl/catalogo/2024/kia/sorento/22l-ex-dsl-2wd-aut/178392; Kia Sorento 2.2L EX DSL AWD Aut: https://www.autocosmos.cl/catalogo/2024/kia/sorento/22l-ex-dsl-awd-aut/178554; Kia Sorento 3.5L EX GSL AWD Full Aut: https://www.autocosmos.cl/catalogo/2024/kia/sorento/35l-ex-gsl-awd-full-aut/177460; Kia Sorento 2.2L EX DSL AWD Aut Full: https://www.autocosmos.cl/catalogo/2024/kia/sorento/22l-ex-dsl-awd-aut-full/178393
https://www.autocosmos.cl/catalogo/vigente/kia/sportage,Kia Sportage 2.0L EX GSL: https://www.autocosmos.cl/catalogo/2024/kia/sportage/20l-ex-gsl/177468; Kia Sportage 2.0L EX GSL Aut: https://www.autocosmos.cl/catalogo/2024/kia/sportage/20l-ex-gsl-aut/177469; Kia Sportage 2.0L EX GSL CI Aut: https://www.autocosmos.cl/catalogo/2024/kia/sportage/20l-ex-gsl-ci-aut/177470; Kia Sportage 2.0L EX DSL CI Aut: https://www.autocosmos.cl/catalogo/2024/kia/sportage/20l-ex-dsl-ci-aut/177472; Kia Sportage 2.0L EX DSL Aut: https://www.autocosmos.cl/catalogo/2024/kia/sportage/20l-ex-dsl-aut/178391; Kia Sportage 2.0L EX GSL AWD Aut: https://www.autocosmos.cl/catalogo/2024/kia/sportage/20l-ex-gsl-awd-aut/177471; Kia Sportage 1.6L EX GSL AWD Turbo: https://www.autocosmos.cl/catalogo/2024/kia/sportage/16l-ex-gsl-awd-turbo/177477; Kia Sportage 2.0L EX DSL AWD Aut: https://www.autocosmos.cl/catalogo/2024/kia/sportage/20l-ex-dsl-awd-aut/177473
https://www.autocosmos.cl/catalogo/vigente/maxus/d60,Maxus D60 Elite: https://www.autocosmos.cl/catalogo/2024/maxus/d60/elite/178576; Maxus D60 Luxury: https://www.autocosmos.cl/catalogo/2024/maxus/d60/luxury/178577
https://www.autocosmos.cl/catalogo/vigente/maxus/d90,Maxus D90 Elite: https://www.autocosmos.cl/catalogo/2024/maxus/d90/elite/178579; Maxus D90 Flagship: https://www.autocosmos.cl/catalogo/2024/maxus/d90/flagship/178581; Maxus D90 Luxury: https://www.autocosmos.cl/catalogo/2024/maxus/d90/luxury/178580
https://www.autocosmos.cl/catalogo/vigente/maxus/euniq-6,Maxus Euniq 6 Euniq: https://www.autocosmos.cl/catalogo/2024/maxus/euniq-6/euniq/177583
https://www.autocosmos.cl/catalogo/vigente/mg/hs,MG HS 1.5L Com: https://www.autocosmos.cl/catalogo/2024/mg/hs/15l-com/177717; MG HS 1.5L DLX DCT: https://www.autocosmos.cl/catalogo/2024/mg/hs/15l-dlx-dct/177718; MG HS 2.0L DCT Trophy AWD: https://www.autocosmos.cl/catalogo/2024/mg/hs/20l-dct-trophy-awd/177720
https://www.autocosmos.cl/catalogo/vigente/mg/marvel-r,MG Marvel R DLX: https://www.autocosmos.cl/catalogo/2024/mg/marvel-r/dlx/177729
https://www.autocosmos.cl/catalogo/vigente/mg/zs,MG ZS  1.5L STD: https://www.autocosmos.cl/catalogo/2024/mg/zs/15l-std/177723; MG ZS  1.5L Comfort: https://www.autocosmos.cl/catalogo/2024/mg/zs/15l-comfort/177721; MG ZS  1.5L STD Aut: https://www.autocosmos.cl/catalogo/2024/mg/zs/15l-std-aut/177724; MG ZS  1.5L Comfort Aut: https://www.autocosmos.cl/catalogo/2024/mg/zs/15l-comfort-aut/177722
https://www.autocosmos.cl/catalogo/vigente/mg/one,MG One 1.5T CVT: https://www.autocosmos.cl/catalogo/2024/mg/one/15t-cvt/177730; MG One 1.5T CVT DLX: https://www.autocosmos.cl/catalogo/2024/mg/one/15t-cvt-dlx/177731
https://www.autocosmos.cl/catalogo/vigente/mg/zx,MG ZX 1.5L  COM: https://www.autocosmos.cl/catalogo/2024/mg/zx/15l--com/177725; MG ZX 1.5L DLX: https://www.autocosmos.cl/catalogo/2024/mg/zx/15l-dlx/177726; MG ZX 1.5L DLX CVT: https://www.autocosmos.cl/catalogo/2024/mg/zx/15l-dlx-cvt/177727; MG ZX 1.3L Turbo Trophy Aut: https://www.autocosmos.cl/catalogo/2024/mg/zx/13l-turbo-trophy-aut/177728
https://www.autocosmos.cl/catalogo/vigente/mitsubishi/asx,Mitsubishi ASX 1.6L GL 4x2: https://www.autocosmos.cl/catalogo/2024/mitsubishi/asx/16l-gl-4x2/177758; Mitsubishi ASX 1.6L GLS 4x2: https://www.autocosmos.cl/catalogo/2024/mitsubishi/asx/16l-gls-4x2/177759; Mitsubishi ASX 2.0L GLS 4x2 Aut: https://www.autocosmos.cl/catalogo/2024/mitsubishi/asx/20l-gls-4x2-aut/177760
https://www.autocosmos.cl/catalogo/vigente/mitsubishi/eclipse-cross,Mitsubishi Eclipse Cross 1.5L RX 4x2: https://www.autocosmos.cl/catalogo/2024/mitsubishi/eclipse-cross/15l-rx-4x2/177756; Mitsubishi Eclipse Cross 1.5L RS 4x2 Aut: https://www.autocosmos.cl/catalogo/2024/mitsubishi/eclipse-cross/15l-rs-4x2-aut/177757
https://www.autocosmos.cl/catalogo/vigente/mitsubishi/montero-sport,Mitsubishi Montero Sport 2.4L 4x2: https://www.autocosmos.cl/catalogo/2024/mitsubishi/montero-sport/24l-4x2/178287; Mitsubishi Montero Sport 2.4L 4x2 Aut: https://www.autocosmos.cl/catalogo/2024/mitsubishi/montero-sport/24l-4x2-aut/178288; Mitsubishi Montero Sport 2.4L Limited 4x4 Aut: https://www.autocosmos.cl/catalogo/2024/mitsubishi/montero-sport/24l-limited-4x4-aut/178289
https://www.autocosmos.cl/catalogo/vigente/mitsubishi/outlander,Mitsubishi Outlander  2.5L GL 4x2 5 Pas: https://www.autocosmos.cl/catalogo/2024/mitsubishi/outlander/25l-gl-4x2-5-pas/177768; Mitsubishi Outlander  2.5L GLX 4x2 7 Pas: https://www.autocosmos.cl/catalogo/2024/mitsubishi/outlander/25l-glx-4x2-7-pas/177769; Mitsubishi Outlander  2.5L GLS 4x4 7 Pas: https://www.autocosmos.cl/catalogo/2024/mitsubishi/outlander/25l-gls-4x4-7-pas/177770; Mitsubishi Outlander  2.5L GLS 4x4 7 Pas Limited: https://www.autocosmos.cl/catalogo/2024/mitsubishi/outlander/25l-gls-4x4-7-pas-limited/177771
https://www.autocosmos.cl/catalogo/vigente/mitsubishi/xpander-cross,Mitsubishi Xpander Cross 1.5L: https://www.autocosmos.cl/catalogo/2024/mitsubishi/xpander-cross/15l/177767
https://www.autocosmos.cl/catalogo/vigente/mitsubishi/xpander,Mitsubishi Xpander GL: https://www.autocosmos.cl/catalogo/2024/mitsubishi/xpander/gl/177765; Mitsubishi Xpander GLX: https://www.autocosmos.cl/catalogo/2024/mitsubishi/xpander/glx/177766
https://www.autocosmos.cl/catalogo/vigente/nissan/kicks,Nissan Kicks 1.6L Sense: https://www.autocosmos.cl/catalogo/2024/nissan/kicks/16l-sense/177787; Nissan Kicks 1.6L Advance: https://www.autocosmos.cl/catalogo/2024/nissan/kicks/16l-advance/177788; Nissan Kicks 1.6L Advance CVT: https://www.autocosmos.cl/catalogo/2024/nissan/kicks/16l-advance-cvt/177789; Nissan Kicks 1.6L Exclusive CVT: https://www.autocosmos.cl/catalogo/2024/nissan/kicks/16l-exclusive-cvt/177790; Nissan Kicks 1.6L Exclusive Aut Rock Edition: https://www.autocosmos.cl/catalogo/2024/nissan/kicks/16l-exclusive-aut-rock-edition/177797
https://www.autocosmos.cl/catalogo/vigente/nissan/pathfinder,Nissan Pathfinder 3.5L Sense 4x2: https://www.autocosmos.cl/catalogo/2024/nissan/pathfinder/35l-sense-4x2/177777; Nissan Pathfinder 3.5L Advance 4x2: https://www.autocosmos.cl/catalogo/2024/nissan/pathfinder/35l-advance-4x2/177778; Nissan Pathfinder 3.5L Advance 4x4: https://www.autocosmos.cl/catalogo/2024/nissan/pathfinder/35l-advance-4x4/177779; Nissan Pathfinder 3.5L Exclusive 4x4: https://www.autocosmos.cl/catalogo/2024/nissan/pathfinder/35l-exclusive-4x4/177780
https://www.autocosmos.cl/catalogo/vigente/nissan/qashqai,Nissan Qashqai Sense: https://www.autocosmos.cl/catalogo/2024/nissan/qashqai/sense/177791; Nissan Qashqai Advance: https://www.autocosmos.cl/catalogo/2024/nissan/qashqai/advance/177792; Nissan Qashqai Advance CVT: https://www.autocosmos.cl/catalogo/2024/nissan/qashqai/advance-cvt/177793; Nissan Qashqai Advance CVT Plus: https://www.autocosmos.cl/catalogo/2024/nissan/qashqai/advance-cvt-plus/177794; Nissan Qashqai Exclusive CVT 4x4: https://www.autocosmos.cl/catalogo/2024/nissan/qashqai/exclusive-cvt-4x4/177795
https://www.autocosmos.cl/catalogo/vigente/nissan/x-trail,Nissan X-Trail 2.5L Sense 2Row: https://www.autocosmos.cl/catalogo/2024/nissan/x-trail/25l-sense-2row/177773; Nissan X-Trail 2.5L Sense 3Row: https://www.autocosmos.cl/catalogo/2024/nissan/x-trail/25l-sense-3row/177774; Nissan X-Trail 2.5L Advance 3Row: https://www.autocosmos.cl/catalogo/2024/nissan/x-trail/25l-advance-3row/177775; Nissan X-Trail 2.5L Exclusive 3Row 4x4: https://www.autocosmos.cl/catalogo/2024/nissan/x-trail/25l-exclusive-3row-4x4/177776
https://www.autocosmos.cl/catalogo/vigente/opel/crossland,Opel Crossland  1.2L Edition: https://www.autocosmos.cl/catalogo/2024/opel/crossland/12l-edition/177815; Opel Crossland  1.2L Edition Aut: https://www.autocosmos.cl/catalogo/2024/opel/crossland/12l-edition-aut/177816; Opel Crossland  1.5L Edition: https://www.autocosmos.cl/catalogo/2024/opel/crossland/15l-edition/177817
https://www.autocosmos.cl/catalogo/vigente/opel/grandland,Opel Grandland 1.2L GS: https://www.autocosmos.cl/catalogo/2024/opel/grandland/12l-gs/177823; Opel Grandland 1.2L GS Aut: https://www.autocosmos.cl/catalogo/2024/opel/grandland/12l-gs-aut/177824; Opel Grandland 1.5 TD Aut: https://www.autocosmos.cl/catalogo/2024/opel/grandland/15-td-aut/177825; Opel Grandland 1.2L Ultimate Aut: https://www.autocosmos.cl/catalogo/2024/opel/grandland/12l-ultimate-aut/177826
https://www.autocosmos.cl/catalogo/vigente/opel/mokka,Opel Mokka 1.2L Elegance: https://www.autocosmos.cl/catalogo/2024/opel/mokka/12l-elegance/177819; Opel Mokka 1.2L Elegance Aut: https://www.autocosmos.cl/catalogo/2024/opel/mokka/12l-elegance-aut/177821; Opel Mokka 1.5T Elegance: https://www.autocosmos.cl/catalogo/2024/opel/mokka/15t-elegance/177820; Opel Mokka 1.2L GS Line Aut: https://www.autocosmos.cl/catalogo/2024/opel/mokka/12l-gs-line-aut/177822
https://www.autocosmos.cl/catalogo/vigente/peugeot/3008-hybrid4,Peugeot 3008 Hybrid4 300 GT: https://www.autocosmos.cl/catalogo/2024/peugeot/3008-hybrid4/300-gt/177856
https://www.autocosmos.cl/catalogo/vigente/peugeot/rifter,Peugeot Rifter 1.2L PureTech 130HP Aut: https://www.autocosmos.cl/catalogo/2024/peugeot/rifter/12l-puretech-130hp-aut/177850; Peugeot Rifter 1.6L Allure BlueHDi 100HP: https://www.autocosmos.cl/catalogo/2024/peugeot/rifter/16l-allure-bluehdi-100hp/177834; Peugeot Rifter 1.5L Allure BlueHDi 130HP Aut: https://www.autocosmos.cl/catalogo/2024/peugeot/rifter/15l-allure-bluehdi-130hp-aut/177833
https://www.autocosmos.cl/catalogo/vigente/ssangyong/korando,SsangYong Korando 1.5T LX: https://www.autocosmos.cl/catalogo/2024/ssangyong/korando/15t-lx/178039; SsangYong Korando 1.5T GLX Aut: https://www.autocosmos.cl/catalogo/2024/ssangyong/korando/15t-glx-aut/178042; SsangYong Korando 1.6TD GLX: https://www.autocosmos.cl/catalogo/2024/ssangyong/korando/16td-glx/178043; SsangYong Korando 1.5T Limited Aut: https://www.autocosmos.cl/catalogo/2024/ssangyong/korando/15t-limited-aut/178040; SsangYong Korando 1.6TD GLX Aut: https://www.autocosmos.cl/catalogo/2024/ssangyong/korando/16td-glx-aut/178044
https://www.autocosmos.cl/catalogo/vigente/ssangyong/rexton,SsangYong Rexton 2.0T LX: https://www.autocosmos.cl/catalogo/2024/ssangyong/rexton/20t-lx/178047; SsangYong Rexton 2.0T LX Aut: https://www.autocosmos.cl/catalogo/2024/ssangyong/rexton/20t-lx-aut/178048; SsangYong Rexton 2.2TD LX Aut: https://www.autocosmos.cl/catalogo/2024/ssangyong/rexton/22td-lx-aut/178050; SsangYong Rexton 2.0T LX Aut 4x4: https://www.autocosmos.cl/catalogo/2024/ssangyong/rexton/20t-lx-aut-4x4/178049; SsangYong Rexton 2.2TD GLX Aut: https://www.autocosmos.cl/catalogo/2024/ssangyong/rexton/22td-glx-aut/178035; SsangYong Rexton 2.2TD GLX Aut 4x4: https://www.autocosmos.cl/catalogo/2024/ssangyong/rexton/22td-glx-aut-4x4/178037; SsangYong Rexton 2.2TD Limited Aut 4x4: https://www.autocosmos.cl/catalogo/2024/ssangyong/rexton/22td-limited-aut-4x4/178036; SsangYong Rexton 2.2TD Limited Plus Aut 4x4: https://www.autocosmos.cl/catalogo/2024/ssangyong/rexton/22td-limited-plus-aut-4x4/178038
https://www.autocosmos.cl/catalogo/vigente/ssangyong/tivoli,SsangYong Tivoli 1.6 LX: https://www.autocosmos.cl/catalogo/2024/ssangyong/tivoli/16-lx/178027; SsangYong Tivoli 1.6 GLX: https://www.autocosmos.cl/catalogo/2024/ssangyong/tivoli/16-glx/178046; SsangYong Tivoli 1.6 Limited Aut: https://www.autocosmos.cl/catalogo/2024/ssangyong/tivoli/16-limited-aut/178045; SsangYong Tivoli 1.6 Edicin Limitada Aut: https://www.autocosmos.cl/catalogo/2024/ssangyong/tivoli/16-edicion-limitada-aut/178477
https://www.autocosmos.cl/catalogo/vigente/ssangyong/torres,SsangYong Torres 1.5L GLX: https://www.autocosmos.cl/catalogo/2024/ssangyong/torres/15l-glx/178053; SsangYong Torres 1.5L GLX Aut: https://www.autocosmos.cl/catalogo/2024/ssangyong/torres/15l-glx-aut/178054; SsangYong Torres 1.5L GLX Aut 4x4: https://www.autocosmos.cl/catalogo/2024/ssangyong/torres/15l-glx-aut-4x4/178055; SsangYong Torres 1.5L Limited Plus Bitono Aut 4x4: https://www.autocosmos.cl/catalogo/2024/ssangyong/torres/15l-limited-plus-bitono-aut-4x4/178057; SsangYong Torres 1.5L Limited Plus Aut 4x4: https://www.autocosmos.cl/catalogo/2024/ssangyong/torres/15l-limited-plus-aut-4x4/178056
https://www.autocosmos.cl/catalogo/vigente/subaru/crosstrek,Subaru Crosstrek 2.0i 4x4 CVT: https://www.autocosmos.cl/catalogo/2024/subaru/crosstrek/20i-4x4-cvt/178083; Subaru Crosstrek 2.0i 4x4 CVT Dynamic ES: https://www.autocosmos.cl/catalogo/2024/subaru/crosstrek/20i-4x4-cvt-dynamic-es/178085; Subaru Crosstrek 2.0i 4x4 CVT Touring ES HK: https://www.autocosmos.cl/catalogo/2024/subaru/crosstrek/20i-4x4-cvt-touring-es-hk/178087
https://www.autocosmos.cl/catalogo/vigente/toyota/4runner,Toyota 4Runner 4.0L 4x2 SR5: https://www.autocosmos.cl/catalogo/2024/toyota/4runner/40l-4x2-sr5/178137; Toyota 4Runner 4.0L 4x4 SR5: https://www.autocosmos.cl/catalogo/2024/toyota/4runner/40l-4x4-sr5/178138; Toyota 4Runner 4.0L 4x4 Limited: https://www.autocosmos.cl/catalogo/2024/toyota/4runner/40l-4x4-limited/178170
https://www.autocosmos.cl/catalogo/vigente/toyota/fortuner,Toyota Fortuner  2.7L SR5 4x2: https://www.autocosmos.cl/catalogo/2024/toyota/fortuner/27l-sr5-4x2/178162; Toyota Fortuner  2.8L SR5 TDi 4x4: https://www.autocosmos.cl/catalogo/2024/toyota/fortuner/28l-sr5-tdi-4x4/178164; Toyota Fortuner  2.8L SRX TDi 4x4 Aut: https://www.autocosmos.cl/catalogo/2024/toyota/fortuner/28l-srx-tdi-4x4-aut/178166; Toyota Fortuner  2.8L SR5 TDi 4x4 Aut: https://www.autocosmos.cl/catalogo/2024/toyota/fortuner/28l-sr5-tdi-4x4-aut/178165
https://www.autocosmos.cl/catalogo/vigente/toyota/raize,Toyota Raize 1.2L I: https://www.autocosmos.cl/catalogo/2024/toyota/raize/12l-i/178174; Toyota Raize 1.2L E: https://www.autocosmos.cl/catalogo/2024/toyota/raize/12l-e/178175; Toyota Raize 1.2L E Aut: https://www.autocosmos.cl/catalogo/2024/toyota/raize/12l-e-aut/178176; Toyota Raize 1.2L G Aut: https://www.autocosmos.cl/catalogo/2024/toyota/raize/12l-g-aut/178177
https://www.autocosmos.cl/catalogo/vigente/toyota/rav4,Toyota Rav4 2.0L LE: https://www.autocosmos.cl/catalogo/2024/toyota/rav4/20l-le/178155; Toyota Rav4 2.0L LE Aut: https://www.autocosmos.cl/catalogo/2024/toyota/rav4/20l-le-aut/178157; Toyota Rav4 2.0L LE 4x4: https://www.autocosmos.cl/catalogo/2024/toyota/rav4/20l-le-4x4/178156; Toyota Rav4 2.0L XLE Aut: https://www.autocosmos.cl/catalogo/2024/toyota/rav4/20l-xle-aut/178180
