model url,versions
https://www.autocosmos.cl/catalogo/vigente/changan/hunter,Changan Hunter  Comfort: https://www.autocosmos.cl/catalogo/2025/changan/hunter/comfort/178826; Changan Hunter  Luxury: https://www.autocosmos.cl/catalogo/2025/changan/hunter/luxury/178827; Changan Hunter  Comfort 4x4: https://www.autocosmos.cl/catalogo/2025/changan/hunter/comfort-4x4/178828; Changan Hunter  Elite Sport 4x4: https://www.autocosmos.cl/catalogo/2025/changan/hunter/elite-sport-4x4/178829
https://www.autocosmos.cl/catalogo/vigente/changan/md201-pick-up,Changan MD201 Pick Up 1.2L: https://www.autocosmos.cl/catalogo/2025/changan/md201-pick-up/12l/178841; Changan MD201 Pick Up 1.2L Ac: https://www.autocosmos.cl/catalogo/2025/changan/md201-pick-up/12l-ac/178842
https://www.autocosmos.cl/catalogo/vigente/changan/md201-cargo-box,Changan MD201 Cargo Box 1.2L: https://www.autocosmos.cl/catalogo/2025/changan/md201-cargo-box/12l/178843; Changan MD201 Cargo Box 1.2L Ac: https://www.autocosmos.cl/catalogo/2025/changan/md201-cargo-box/12l-ac/178844
https://www.autocosmos.cl/catalogo/vigente/changan/x7-plus,Changan X7 Plus Luxury 7 Asientos: https://www.autocosmos.cl/catalogo/2025/changan/x7-plus/luxury-7-asientos/178849; Changan X7 Plus Elite 7 Asientos: https://www.autocosmos.cl/catalogo/2025/changan/x7-plus/elite-7-asientos/178850; Changan X7 Plus Luxury 7 Asientos Aut: https://www.autocosmos.cl/catalogo/2025/changan/x7-plus/luxury-7-asientos-aut/178851; Changan X7 Plus Elite 7 Asientos Aut: https://www.autocosmos.cl/catalogo/2025/changan/x7-plus/elite-7-asientos-aut/178852
https://www.autocosmos.cl/catalogo/vigente/changan/ms201-pick-up,Changan MS201 Pick up 1.2L: https://www.autocosmos.cl/catalogo/2025/changan/ms201-pick-up/12l/178839; Changan MS201 Pick up 1.2L Ac: https://www.autocosmos.cl/catalogo/2025/changan/ms201-pick-up/12l-ac/178840
https://www.autocosmos.cl/catalogo/vigente/chevrolet/colorado,Chevrolet Colorado  2.8L High Country AWD Aut: https://www.autocosmos.cl/catalogo/2025/chevrolet/colorado/28l-high-country-awd-aut/178880; Chevrolet Colorado  2.8L Worktruck: https://www.autocosmos.cl/catalogo/2025/chevrolet/colorado/28l-worktruck/178910; Chevrolet Colorado  2.8L Worktruck AWD: https://www.autocosmos.cl/catalogo/2025/chevrolet/colorado/28l-worktruck-awd/178911; Chevrolet Colorado  2.8L Worktruck AWD Aut: https://www.autocosmos.cl/catalogo/2025/chevrolet/colorado/28l-worktruck-awd-aut/178912; Chevrolet Colorado  2.8L LTZ AWD Aut: https://www.autocosmos.cl/catalogo/2025/chevrolet/colorado/28l-ltz-awd-aut/178881
https://www.autocosmos.cl/catalogo/vigente/chevrolet/montana,Chevrolet Montana  Premier S 1.2: https://www.autocosmos.cl/catalogo/2025/chevrolet/montana/premier-s-12/180115; Chevrolet Montana  LT S 1.2: https://www.autocosmos.cl/catalogo/2025/chevrolet/montana/lt-s-12/180114; Chevrolet Montana  LTZ S 1.2 Aut: https://www.autocosmos.cl/catalogo/2025/chevrolet/montana/ltz-s-12-aut/178909; Chevrolet Montana  Premier S 1.2 Aut: https://www.autocosmos.cl/catalogo/2025/chevrolet/montana/premier-s-12-aut/178917
https://www.autocosmos.cl/catalogo/vigente/chevrolet/silverado,Chevrolet Silverado 5.3L LT Trailboss 4x4: https://www.autocosmos.cl/catalogo/2025/chevrolet/silverado/53l-lt-trailboss-4x4/178886; Chevrolet Silverado 6.2L ZR2 4x4 S: https://www.autocosmos.cl/catalogo/2025/chevrolet/silverado/62l-zr2-4x4-s/178887; Chevrolet Silverado 3.0L High Country 4x4: https://www.autocosmos.cl/catalogo/2025/chevrolet/silverado/30l-high-country-4x4/178888; Chevrolet Silverado 6.2L ZR2 4x4 R: https://www.autocosmos.cl/catalogo/2025/chevrolet/silverado/62l-zr2-4x4-r/180532
https://www.autocosmos.cl/catalogo/vigente/dfsk/d1,DFSK D1 Comfort: https://www.autocosmos.cl/catalogo/2025/dfsk/d1/comfort/178974; DFSK D1 Luxury: https://www.autocosmos.cl/catalogo/2025/dfsk/d1/luxury/178975; DFSK D1 Luxury Aut: https://www.autocosmos.cl/catalogo/2025/dfsk/d1/luxury-aut/178976
https://www.autocosmos.cl/catalogo/vigente/dongfeng/aeolus-gs-cross,Dongfeng Aeolus GS Cross 1.5L: https://www.autocosmos.cl/catalogo/2025/dongfeng/aeolus-gs-cross/15l/178992
https://www.autocosmos.cl/catalogo/vigente/fiat/ducato,FIAT Ducato  2.3L Maxi Cargo L2H2: https://www.autocosmos.cl/catalogo/2025/fiat/ducato/23l-maxi-cargo-l2h2/179008; FIAT Ducato  2.3L Maxi Cargo L3H2: https://www.autocosmos.cl/catalogo/2025/fiat/ducato/23l-maxi-cargo-l3h2/179009; FIAT Ducato  2.3L Maxi Cargo L4H3: https://www.autocosmos.cl/catalogo/2025/fiat/ducato/23l-maxi-cargo-l4h3/179017
https://www.autocosmos.cl/catalogo/vigente/ford/f-150,Ford F-150 3.5L Platinum 4x4: https://www.autocosmos.cl/catalogo/2025/ford/f-150/35l-platinum-4x4/179029; Ford F-150 5.0L XLT 4x4: https://www.autocosmos.cl/catalogo/2025/ford/f-150/50l-xlt-4x4/179026; Ford F-150 5.0L Lariat Black 4x4: https://www.autocosmos.cl/catalogo/2025/ford/f-150/50l-lariat-black-4x4/180441; Ford F-150 5.0L Lariat Luxury 4x4: https://www.autocosmos.cl/catalogo/2025/ford/f-150/50l-lariat-luxury-4x4/179027
https://www.autocosmos.cl/catalogo/vigente/ford/maverick,Ford Maverick 2.0L XLT: https://www.autocosmos.cl/catalogo/2025/ford/maverick/20l-xlt/179033; Ford Maverick 2.0L Lariat Black: https://www.autocosmos.cl/catalogo/2025/ford/maverick/20l-lariat-black/180442; Ford Maverick 2.0L Tremor: https://www.autocosmos.cl/catalogo/2025/ford/maverick/20l-tremor/180443
https://www.autocosmos.cl/catalogo/vigente/ford/ranger,Ford Ranger 2.0L XL 4x2: https://www.autocosmos.cl/catalogo/2025/ford/ranger/20l-xl-4x2/179041; Ford Ranger 2.0L XLS 4x2: https://www.autocosmos.cl/catalogo/2025/ford/ranger/20l-xls-4x2/179043; Ford Ranger 2.0L XL 4x4: https://www.autocosmos.cl/catalogo/2025/ford/ranger/20l-xl-4x4/179042; Ford Ranger 2.0L XLS 4x4: https://www.autocosmos.cl/catalogo/2025/ford/ranger/20l-xls-4x4/179044; Ford Ranger 2.0L XLT 4x2 Aut: https://www.autocosmos.cl/catalogo/2025/ford/ranger/20l-xlt-4x2-aut/179045; Ford Ranger 2.0L XLT 4x4: https://www.autocosmos.cl/catalogo/2025/ford/ranger/20l-xlt-4x4/179046; Ford Ranger 2.0L XLT 4x4 Aut: https://www.autocosmos.cl/catalogo/2025/ford/ranger/20l-xlt-4x4-aut/179047; Ford Ranger 3.0L Limited 4x4 Aut: https://www.autocosmos.cl/catalogo/2025/ford/ranger/30l-limited-4x4-aut/179048
https://www.autocosmos.cl/catalogo/vigente/foton/g7,Foton G7 2.0L Lite 4x2: https://www.autocosmos.cl/catalogo/2025/foton/g7/20l-lite-4x2/179069; Foton G7 2.0L Lite 4x4: https://www.autocosmos.cl/catalogo/2025/foton/g7/20l-lite-4x4/179070; Foton G7 2.0L Ultimate 4x2: https://www.autocosmos.cl/catalogo/2025/foton/g7/20l-ultimate-4x2/179073; Foton G7 2.0L Ultimate 4x4: https://www.autocosmos.cl/catalogo/2025/foton/g7/20l-ultimate-4x4/179074; Foton G7 2.0L Ultimate 4x4 Aut: https://www.autocosmos.cl/catalogo/2025/foton/g7/20l-ultimate-4x4-aut/180120
https://www.autocosmos.cl/catalogo/vigente/honda/pilot,Honda Pilot 3.5L Touring AWD Aut: https://www.autocosmos.cl/catalogo/2025/honda/pilot/35l-touring-awd-aut/179130; Honda Pilot 3.5L Elite AWD Aut: https://www.autocosmos.cl/catalogo/2025/honda/pilot/35l-elite-awd-aut/179129
https://www.autocosmos.cl/catalogo/vigente/jac/sunray-pasajeros,JAC Sunray Pasajeros 2.7L Green Jet 13+1: https://www.autocosmos.cl/catalogo/2025/jac/sunray-pasajeros/27l-green-jet-131/179239; JAC Sunray Pasajeros 2.7L Green Jet 14+1: https://www.autocosmos.cl/catalogo/2025/jac/sunray-pasajeros/27l-green-jet-141/179240; JAC Sunray Pasajeros 2.7L Green Jet 16+1: https://www.autocosmos.cl/catalogo/2025/jac/sunray-pasajeros/27l-green-jet-161/179241; JAC Sunray Pasajeros 2.7L Green Jet 17+1: https://www.autocosmos.cl/catalogo/2025/jac/sunray-pasajeros/27l-green-jet-171/179242
https://www.autocosmos.cl/catalogo/vigente/jac/t8,JAC T8 2.0L Comfort 4x2: https://www.autocosmos.cl/catalogo/2025/jac/t8/20l-comfort-4x2/179227; JAC T8 2.0L Comfort 4x4: https://www.autocosmos.cl/catalogo/2025/jac/t8/20l-comfort-4x4/180449
https://www.autocosmos.cl/catalogo/vigente/jac/x200,JAC X200 2.0L Chasis Luxury: https://www.autocosmos.cl/catalogo/2025/jac/x200/20l-chasis-luxury/179243; JAC X200 2.0L Pickup Comfort: https://www.autocosmos.cl/catalogo/2025/jac/x200/20l-pickup-comfort/179244; JAC X200 2.0L Pickup Luxury: https://www.autocosmos.cl/catalogo/2025/jac/x200/20l-pickup-luxury/179245; JAC X200 2.0L Pickup Luxury DC: https://www.autocosmos.cl/catalogo/2025/jac/x200/20l-pickup-luxury-dc/179246
https://www.autocosmos.cl/catalogo/vigente/jmc/grand-avenue,JMC Grand Avenue 2.3L 4x2: https://www.autocosmos.cl/catalogo/2025/jmc/grand-avenue/23l-4x2/179309; JMC Grand Avenue 2.3L 4x4: https://www.autocosmos.cl/catalogo/2025/jmc/grand-avenue/23l-4x4/179310; JMC Grand Avenue 2.3L 4x2 Aut: https://www.autocosmos.cl/catalogo/2025/jmc/grand-avenue/23l-4x2-aut/179311; JMC Grand Avenue 2.3L 4x4 Aut: https://www.autocosmos.cl/catalogo/2025/jmc/grand-avenue/23l-4x4-aut/179312
https://www.autocosmos.cl/catalogo/vigente/jmc/vigus-ev,JMC Vigus EV Vigus EV: https://www.autocosmos.cl/catalogo/2025/jmc/vigus-ev/vigus-ev/179303
https://www.autocosmos.cl/catalogo/vigente/jmc/vigus-plus,JMC Vigus Plus 2.4L 4x2: https://www.autocosmos.cl/catalogo/2025/jmc/vigus-plus/24l-4x2/179305; JMC Vigus Plus 2.4L 4x4: https://www.autocosmos.cl/catalogo/2025/jmc/vigus-plus/24l-4x4/179306
https://www.autocosmos.cl/catalogo/vigente/jmc/vigus-work,JMC Vigus Work 2.5L 4x2: https://www.autocosmos.cl/catalogo/2025/jmc/vigus-work/25l-4x2/179301; JMC Vigus Work 2.5L 4x4: https://www.autocosmos.cl/catalogo/2025/jmc/vigus-work/25l-4x4/179302
https://www.autocosmos.cl/catalogo/vigente/jmc/vigus-pro,JMC Vigus Pro 2.0L 4x2 Aut: https://www.autocosmos.cl/catalogo/2025/jmc/vigus-pro/20l-4x2-aut/179307; JMC Vigus Pro 2.0L 4x4 Aut: https://www.autocosmos.cl/catalogo/2025/jmc/vigus-pro/20l-4x4-aut/179308
https://www.autocosmos.cl/catalogo/vigente/karry/q22,Karry Q22 1.3L: https://www.autocosmos.cl/catalogo/2025/karry/q22/13l/179319; Karry Q22 1.5L: https://www.autocosmos.cl/catalogo/2025/karry/q22/15l/179320
https://www.autocosmos.cl/catalogo/vigente/karry/q51,Karry Q51 1.6L: https://www.autocosmos.cl/catalogo/2025/karry/q51/16l/179325
https://www.autocosmos.cl/catalogo/vigente/karry/q52,Karry Q52 1.6L: https://www.autocosmos.cl/catalogo/2025/karry/q52/16l/179326
https://www.autocosmos.cl/catalogo/vigente/kia/frontier,Kia Frontier 2.5L Deluxe: https://www.autocosmos.cl/catalogo/2025/kia/frontier/25l-deluxe/179347
https://www.autocosmos.cl/catalogo/vigente/mahindra/pik-up,Mahindra Pik Up Refresh 2.2L 4x2 Work: https://www.autocosmos.cl/catalogo/2025/mahindra/pik-up/refresh-22l-4x2-work/179445
https://www.autocosmos.cl/catalogo/vigente/maxus/g-10-cargo,Maxus G-10 Cargo 1.9L: https://www.autocosmos.cl/catalogo/2025/maxus/g-10-cargo/19l/179452
https://www.autocosmos.cl/catalogo/vigente/maxus/deliver-9-cargo,Maxus Deliver 9 Cargo L2H2: https://www.autocosmos.cl/catalogo/2025/maxus/deliver-9-cargo/l2h2/179460
https://www.autocosmos.cl/catalogo/vigente/maxus/edeliver-3,Maxus eDeliver 3 3: https://www.autocosmos.cl/catalogo/2025/maxus/edeliver-3/3/179451; Maxus eDeliver 3 3 L: https://www.autocosmos.cl/catalogo/2025/maxus/edeliver-3/3-l/179454
https://www.autocosmos.cl/catalogo/vigente/maxus/deliver-9-chasis,Maxus Deliver 9 Chasis L3: https://www.autocosmos.cl/catalogo/2025/maxus/deliver-9-chasis/l3/179463
https://www.autocosmos.cl/catalogo/vigente/maxus/t60,Maxus T60 2.0L DX 4x2: https://www.autocosmos.cl/catalogo/2025/maxus/t60/20l-dx-4x2/178565; Maxus T60 2.0L DX 4x2 CS: https://www.autocosmos.cl/catalogo/2025/maxus/t60/20l-dx-4x2-cs/178566; Maxus T60 2.0L DX 4x4 CS: https://www.autocosmos.cl/catalogo/2025/maxus/t60/20l-dx-4x4-cs/178568; Maxus T60 2.4L DX 4x2: https://www.autocosmos.cl/catalogo/2025/maxus/t60/24l-dx-4x2/178571; Maxus T60 2.0L GL 4x2: https://www.autocosmos.cl/catalogo/2025/maxus/t60/20l-gl-4x2/178569; Maxus T60 2.0L DX 4x4: https://www.autocosmos.cl/catalogo/2025/maxus/t60/20l-dx-4x4/178567; Maxus T60 2.0L 4x4: https://www.autocosmos.cl/catalogo/2025/maxus/t60/20l-4x4/178572; Maxus T60 2.0L GL 4x2 Aut: https://www.autocosmos.cl/catalogo/2025/maxus/t60/20l-gl-4x2-aut/178570; Maxus T60 2.0L GL 4x4: https://www.autocosmos.cl/catalogo/2025/maxus/t60/20l-gl-4x4/178573; Maxus T60 2.0L GLX 4x4 Aut: https://www.autocosmos.cl/catalogo/2025/maxus/t60/20l-glx-4x4-aut/178574
https://www.autocosmos.cl/catalogo/vigente/maxus/t90,Maxus T90 GL: https://www.autocosmos.cl/catalogo/2026/maxus/t90/gl/180479; Maxus T90 GLX: https://www.autocosmos.cl/catalogo/2026/maxus/t90/glx/180480; Maxus T90 2.0L 4x4 Aut: https://www.autocosmos.cl/catalogo/2025/maxus/t90/20l-4x4-aut/179455
https://www.autocosmos.cl/catalogo/vigente/mazda/bt-50,Mazda BT-50 3.0L 4x4 Core: https://www.autocosmos.cl/catalogo/2025/mazda/bt-50/30l-4x4-core/179510; Mazda BT-50 3.0L 4x4 Core Aut: https://www.autocosmos.cl/catalogo/2025/mazda/bt-50/30l-4x4-core-aut/179511; Mazda BT-50 3.0L 4x4 High Aut: https://www.autocosmos.cl/catalogo/2025/mazda/bt-50/30l-4x4-high-aut/179484; Mazda BT-50 3.0L 4x4 High Plus Aut: https://www.autocosmos.cl/catalogo/2025/mazda/bt-50/30l-4x4-high-plus-aut/179485
https://www.autocosmos.cl/catalogo/vigente/mitsubishi/l-200,Mitsubishi L-200 2.4L Work CR 4X2: https://www.autocosmos.cl/catalogo/2025/mitsubishi/l-200/24l-work-cr-4x2/179627; Mitsubishi L-200 2.4L Katana CR 4X2: https://www.autocosmos.cl/catalogo/2025/mitsubishi/l-200/24l-katana-cr-4x2/179626; Mitsubishi L-200 2.4L Katana CRT 4X4: https://www.autocosmos.cl/catalogo/2025/mitsubishi/l-200/24l-katana-crt-4x4/179628; Mitsubishi L-200 2.4L Dakar XR 4X2: https://www.autocosmos.cl/catalogo/2025/mitsubishi/l-200/24l-dakar-xr-4x2/180463; Mitsubishi L-200 2.4L Dakar XR 4X2 Aut: https://www.autocosmos.cl/catalogo/2025/mitsubishi/l-200/24l-dakar-xr-4x2-aut/180464; Mitsubishi L-200 2.4L Dakar XR 4X4 Aut: https://www.autocosmos.cl/catalogo/2025/mitsubishi/l-200/24l-dakar-xr-4x4-aut/180465
https://www.autocosmos.cl/catalogo/vigente/peugeot/boxer,Peugeot Boxer 2.0L Furgón L2H2: https://www.autocosmos.cl/catalogo/2025/peugeot/boxer/20l-furgon-l2h2/179702; Peugeot Boxer 2.0L Furgón L3H2: https://www.autocosmos.cl/catalogo/2025/peugeot/boxer/20l-furgon-l3h2/179703; Peugeot Boxer 2.0L Furgón L4H2: https://www.autocosmos.cl/catalogo/2025/peugeot/boxer/20l-furgon-l4h2/179704
https://www.autocosmos.cl/catalogo/vigente/peugeot/landtrek,Peugeot Landtrek Active BlueHDi 180 4x2: https://www.autocosmos.cl/catalogo/2025/peugeot/landtrek/active-bluehdi-180-4x2/179733; Peugeot Landtrek Active BlueHDi 180 4x4: https://www.autocosmos.cl/catalogo/2025/peugeot/landtrek/active-bluehdi-180-4x4/179734; Peugeot Landtrek Active BlueHDi 180 4x4 Aut: https://www.autocosmos.cl/catalogo/2025/peugeot/landtrek/active-bluehdi-180-4x4-aut/179735; Peugeot Landtrek Action4 BlueHDi 180 4x4: https://www.autocosmos.cl/catalogo/2025/peugeot/landtrek/action4-bluehdi-180-4x4/180459; Peugeot Landtrek Action4 BlueHDi 180 4x4 Aut: https://www.autocosmos.cl/catalogo/2025/peugeot/landtrek/action4-bluehdi-180-4x4-aut/179736
https://www.autocosmos.cl/catalogo/vigente/ram/rampage,RAM Rampage Bighorn: https://www.autocosmos.cl/catalogo/2025/ram/rampage/bighorn/179827; RAM Rampage Laramie: https://www.autocosmos.cl/catalogo/2025/ram/rampage/laramie/179828; RAM Rampage R/T: https://www.autocosmos.cl/catalogo/2025/ram/rampage/rt/179829
https://www.autocosmos.cl/catalogo/vigente/ram/v700-city,RAM V700 City  1.4L: https://www.autocosmos.cl/catalogo/2025/ram/v700-city/14l/179820; RAM V700 City  1.2L Diesel: https://www.autocosmos.cl/catalogo/2025/ram/v700-city/12l-diesel/179821
https://www.autocosmos.cl/catalogo/vigente/ram/700,RAM 700 1.4L SLT: https://www.autocosmos.cl/catalogo/2025/ram/700/14l-slt/179817; RAM 700 1.4L SLT CD: https://www.autocosmos.cl/catalogo/2025/ram/700/14l-slt-cd/179818; RAM 700 1.3L BigHorn: https://www.autocosmos.cl/catalogo/2025/ram/700/13l-bighorn/179830; RAM 700 1.4L BigHorn: https://www.autocosmos.cl/catalogo/2025/ram/700/14l-bighorn/179816; RAM 700 1.3L BigHorn CVT: https://www.autocosmos.cl/catalogo/2025/ram/700/13l-bighorn-cvt/179831; RAM 700 1.3L Laramie CVT Cabina Doble: https://www.autocosmos.cl/catalogo/2025/ram/700/13l-laramie-cvt-cabina-doble/179826
https://www.autocosmos.cl/catalogo/vigente/ram/1000,RAM 1000 Big Horn LX: https://www.autocosmos.cl/catalogo/2025/ram/1000/big-horn-lx/179812; RAM 1000 Big Horn Night Edition: https://www.autocosmos.cl/catalogo/2025/ram/1000/big-horn-night-edition/179811; RAM 1000 Rebel: https://www.autocosmos.cl/catalogo/2025/ram/1000/rebel/179825
https://www.autocosmos.cl/catalogo/vigente/renault/oroch,Renault Oroch  1.6L Zen: https://www.autocosmos.cl/catalogo/2025/renault/oroch/16l-zen/179840; Renault Oroch  1.3L Intens Aut Outsider: https://www.autocosmos.cl/catalogo/2025/renault/oroch/13l-intens-aut-outsider/179842; Renault Oroch  1.3L Intens Aut: https://www.autocosmos.cl/catalogo/2025/renault/oroch/13l-intens-aut/179841; Renault Oroch  1.3L Intens 4x4: https://www.autocosmos.cl/catalogo/2025/renault/oroch/13l-intens-4x4/179843; Renault Oroch  1.3L Intens Outsider 4x4: https://www.autocosmos.cl/catalogo/2025/renault/oroch/13l-intens-outsider-4x4/179844
https://www.autocosmos.cl/catalogo/vigente/toyota/hilux,Toyota Hilux 2.4L DX CD 4x2: https://www.autocosmos.cl/catalogo/2025/toyota/hilux/24l-dx-cd-4x2/180005; Toyota Hilux 2.4L SR CD 4x2: https://www.autocosmos.cl/catalogo/2025/toyota/hilux/24l-sr-cd-4x2/180007; Toyota Hilux 2.4L DX CD 4x4: https://www.autocosmos.cl/catalogo/2025/toyota/hilux/24l-dx-cd-4x4/180535; Toyota Hilux 2.4L SR CD 4x4: https://www.autocosmos.cl/catalogo/2025/toyota/hilux/24l-sr-cd-4x4/180006; Toyota Hilux 2.8L SR CD 4x4: https://www.autocosmos.cl/catalogo/2025/toyota/hilux/28l-sr-cd-4x4/180009; Toyota Hilux 2.8L SRV CD 4x4 Aut: https://www.autocosmos.cl/catalogo/2025/toyota/hilux/28l-srv-cd-4x4-aut/180010
https://www.autocosmos.cl/catalogo/vigente/toyota/fortuner,Toyota Fortuner  2.8L SR5 TDi 4x4: https://www.autocosmos.cl/catalogo/2025/toyota/fortuner/28l-sr5-tdi-4x4/180018; Toyota Fortuner  2.8L SR5 TDi 4x4 Aut: https://www.autocosmos.cl/catalogo/2025/toyota/fortuner/28l-sr5-tdi-4x4-aut/180019; Toyota Fortuner  2.8L SRX TDi 4x4 Aut: https://www.autocosmos.cl/catalogo/2025/toyota/fortuner/28l-srx-tdi-4x4-aut/180020
https://www.autocosmos.cl/catalogo/vigente/volkswagen/saveiro-cross,Volkswagen Saveiro Cross 1.6L: https://www.autocosmos.cl/catalogo/2025/volkswagen/saveiro-cross/16l/180072
https://www.autocosmos.cl/catalogo/vigente/volkswagen/atlas,Volkswagen Atlas  3.6L Limited 4Motion Aut: https://www.autocosmos.cl/catalogo/2025/volkswagen/atlas/36l-limited-4motion-aut/180082
https://www.autocosmos.cl/catalogo/vigente/volkswagen/jetta-gli,Volkswagen Jetta GLI 2.0L TSi: https://www.autocosmos.cl/catalogo/2025/volkswagen/jetta-gli/20l-tsi/180083
https://www.autocosmos.cl/catalogo/vigente/volkswagen/saveiro,Volkswagen Saveiro 1.6L Cabina Simple Lite: https://www.autocosmos.cl/catalogo/2025/volkswagen/saveiro/16l-cabina-simple-lite/180180; Volkswagen Saveiro 1.6L Cabina Doble: https://www.autocosmos.cl/catalogo/2025/volkswagen/saveiro/16l-cabina-doble/180071; Volkswagen Saveiro 1.6L Cabina Doble Lite: https://www.autocosmos.cl/catalogo/2025/volkswagen/saveiro/16l-cabina-doble-lite/180407; Volkswagen Saveiro 1.6L Cabina Simple Radio 9'': https://www.autocosmos.cl/catalogo/2025/volkswagen/saveiro/16l-cabina-simple-radio-9/180181; Volkswagen Saveiro 1.6L Cabina Doble Radio 9'': https://www.autocosmos.cl/catalogo/2025/volkswagen/saveiro/16l-cabina-doble-radio-9/180182; Volkswagen Saveiro 1.6L Extreme: https://www.autocosmos.cl/catalogo/2025/volkswagen/saveiro/16l-extreme/180093
https://www.autocosmos.cl/catalogo/vigente/zna/df6,ZNA DF6 2.5L 4x2: https://www.autocosmos.cl/catalogo/2025/zna/df6/25l-4x2/180108; ZNA DF6 2.5L 4x4: https://www.autocosmos.cl/catalogo/2025/zna/df6/25l-4x4/180109
https://www.autocosmos.cl/catalogo/vigente/byd/han-ev,BYD Han EV GS: https://www.autocosmos.cl/catalogo/2025/byd/han-ev/gs/178813
https://www.autocosmos.cl/catalogo/vigente/byd/song-plus-dm-i,BYD Song Plus DM-i GL: https://www.autocosmos.cl/catalogo/2025/byd/song-plus-dm-i/gl/180390; BYD Song Plus DM-i GX: https://www.autocosmos.cl/catalogo/2025/byd/song-plus-dm-i/gx/178810
https://www.autocosmos.cl/catalogo/vigente/byd/seal,BYD Seal GS: https://www.autocosmos.cl/catalogo/2025/byd/seal/gs/178815
https://www.autocosmos.cl/catalogo/vigente/changan/alsvin,Changan Alsvin Comfort: https://www.autocosmos.cl/catalogo/2025/changan/alsvin/comfort/178823; Changan Alsvin Luxury: https://www.autocosmos.cl/catalogo/2025/changan/alsvin/luxury/178824; Changan Alsvin Elite Aut: https://www.autocosmos.cl/catalogo/2025/changan/alsvin/elite-aut/178825
https://www.autocosmos.cl/catalogo/vigente/chery/tiggo-3-pro,Chery Tiggo 3 Pro GLX Turbo: https://www.autocosmos.cl/catalogo/2025/chery/tiggo-3-pro/glx-turbo/178862; Chery Tiggo 3 Pro GLS CVT: https://www.autocosmos.cl/catalogo/2025/chery/tiggo-3-pro/gls-cvt/178861
https://www.autocosmos.cl/catalogo/vigente/chevrolet/onix,Chevrolet Onix 1.0T LTZ R: https://www.autocosmos.cl/catalogo/2025/chevrolet/onix/10t-ltz-r/178900; Chevrolet Onix 1.0T Premier RS R: https://www.autocosmos.cl/catalogo/2025/chevrolet/onix/10t-premier-rs-r/180277; Chevrolet Onix 1.0T Premier S Aut: https://www.autocosmos.cl/catalogo/2025/chevrolet/onix/10t-premier-s-aut/178915
https://www.autocosmos.cl/catalogo/vigente/chevrolet/sail,Chevrolet Sail 1.5 LT: https://www.autocosmos.cl/catalogo/2025/chevrolet/sail/15-lt/178877; Chevrolet Sail 1.5 LTZ R: https://www.autocosmos.cl/catalogo/2025/chevrolet/sail/15-ltz-r/180275; Chevrolet Sail 1.5 LTZ S: https://www.autocosmos.cl/catalogo/2025/chevrolet/sail/15-ltz-s/180274; Chevrolet Sail 1.5 LTZ Aut: https://www.autocosmos.cl/catalogo/2025/chevrolet/sail/15-ltz-aut/178879
https://www.autocosmos.cl/catalogo/vigente/fiat/fastback,FIAT Fastback Drive: https://www.autocosmos.cl/catalogo/2025/fiat/fastback/drive/179015; FIAT Fastback Impetus: https://www.autocosmos.cl/catalogo/2025/fiat/fastback/impetus/179016
https://www.autocosmos.cl/catalogo/vigente/honda/city,Honda City 1.5L EXL Aut: https://www.autocosmos.cl/catalogo/2025/honda/city/15l-exl-aut/179135
https://www.autocosmos.cl/catalogo/vigente/honda/civic,Honda Civic  1.5L Touring: https://www.autocosmos.cl/catalogo/2025/honda/civic/15l-touring/179141
https://www.autocosmos.cl/catalogo/vigente/hyundai/palisade,Hyundai Palisade  3.5L LX Premium AWD Aut: https://www.autocosmos.cl/catalogo/2025/hyundai/palisade/35l-lx-premium-awd-aut/179167; Hyundai Palisade  2.2L LX Premium AWD Aut: https://www.autocosmos.cl/catalogo/2025/hyundai/palisade/22l-lx-premium-awd-aut/179168; Hyundai Palisade  2.2L LX Limited AWD Aut: https://www.autocosmos.cl/catalogo/2025/hyundai/palisade/22l-lx-limited-awd-aut/179169
https://www.autocosmos.cl/catalogo/vigente/hyundai/grand-i10,Hyundai Grand i10 1.0L Go: https://www.autocosmos.cl/catalogo/2025/hyundai/grand-i10/10l-go/179150; Hyundai Grand i10 1.2L Plus: https://www.autocosmos.cl/catalogo/2025/hyundai/grand-i10/12l-plus/179147; Hyundai Grand i10 1.2L Design: https://www.autocosmos.cl/catalogo/2025/hyundai/grand-i10/12l-design/179149; Hyundai Grand i10 1.2L Plus Aut: https://www.autocosmos.cl/catalogo/2025/hyundai/grand-i10/12l-plus-aut/179148
https://www.autocosmos.cl/catalogo/vigente/hyundai/santa-fe,Hyundai Santa Fe 2.5L Plus Aut: https://www.autocosmos.cl/catalogo/2025/hyundai/santa-fe/25l-plus-aut/178529; Hyundai Santa Fe 2.5L Design Aut: https://www.autocosmos.cl/catalogo/2025/hyundai/santa-fe/25l-design-aut/178533; Hyundai Santa Fe 2.5L Design AWD Aut: https://www.autocosmos.cl/catalogo/2025/hyundai/santa-fe/25l-design-awd-aut/178534; Hyundai Santa Fe 2.5L Premium AWD Aut: https://www.autocosmos.cl/catalogo/2025/hyundai/santa-fe/25l-premium-awd-aut/178535; Hyundai Santa Fe 2.5T Limited AWD Aut: https://www.autocosmos.cl/catalogo/2025/hyundai/santa-fe/25t-limited-awd-aut/178536; Hyundai Santa Fe 2.5T Calligraphy AWD Aut: https://www.autocosmos.cl/catalogo/2025/hyundai/santa-fe/25t-calligraphy-awd-aut/178537
https://www.autocosmos.cl/catalogo/vigente/kia/ev6,Kia EV6 GT-Line: https://www.autocosmos.cl/catalogo/2025/kia/ev6/gt-line/179354
https://www.autocosmos.cl/catalogo/vigente/kia/soluto,Kia Soluto 1.4L LX: https://www.autocosmos.cl/catalogo/2025/kia/soluto/14l-lx/179329; Kia Soluto 1.4L EX: https://www.autocosmos.cl/catalogo/2025/kia/soluto/14l-ex/179344
https://www.autocosmos.cl/catalogo/vigente/mazda/3,Mazda 3 2.0L Entry: https://www.autocosmos.cl/catalogo/2025/mazda/3/20l-entry/179496; Mazda 3 2.0L Core: https://www.autocosmos.cl/catalogo/2025/mazda/3/20l-core/179497; Mazda 3 2.0L Core Aut: https://www.autocosmos.cl/catalogo/2025/mazda/3/20l-core-aut/179498
https://www.autocosmos.cl/catalogo/vigente/mazda/6,Mazda 6  2.0L Core: https://www.autocosmos.cl/catalogo/2025/mazda/6/20l-core/179499; Mazda 6  2.5L Core Aut: https://www.autocosmos.cl/catalogo/2025/mazda/6/25l-core-aut/179500; Mazda 6  2.5L Core Aut Cuero: https://www.autocosmos.cl/catalogo/2025/mazda/6/25l-core-aut-cuero/179501; Mazda 6  2.5T High Plus: https://www.autocosmos.cl/catalogo/2025/mazda/6/25t-high-plus/179502
https://www.autocosmos.cl/catalogo/vigente/mg/3,MG 3 1.5L Com: https://www.autocosmos.cl/catalogo/2026/mg/3/15l-com/180509; MG 3 1.5L Com Aut: https://www.autocosmos.cl/catalogo/2026/mg/3/15l-com-aut/180510; MG 3 1.5L Lux Aut: https://www.autocosmos.cl/catalogo/2026/mg/3/15l-lux-aut/180511; MG 3 Hybrid: https://www.autocosmos.cl/catalogo/2026/mg/3/hybrid/180512
https://www.autocosmos.cl/catalogo/vigente/mg/5,MG 5 1.5L: https://www.autocosmos.cl/catalogo/2025/mg/5/15l/180217; MG 5 1.5L COM: https://www.autocosmos.cl/catalogo/2025/mg/5/15l-com/179579; MG 5 1.5L CVT COM: https://www.autocosmos.cl/catalogo/2025/mg/5/15l-cvt-com/179580; MG 5 1.5L COM DEL: https://www.autocosmos.cl/catalogo/2025/mg/5/15l-com-del/180218
https://www.autocosmos.cl/catalogo/vigente/mg/gt,MG GT 1.5L Com: https://www.autocosmos.cl/catalogo/2025/mg/gt/15l-com/179573; MG GT 1.5L Com CVT: https://www.autocosmos.cl/catalogo/2025/mg/gt/15l-com-cvt/179574; MG GT 1.5L DLX DCT: https://www.autocosmos.cl/catalogo/2025/mg/gt/15l-dlx-dct/179599
https://www.autocosmos.cl/catalogo/vigente/mg/marvel-r,MG Marvel R DLX: https://www.autocosmos.cl/catalogo/2025/mg/marvel-r/dlx/179596
https://www.autocosmos.cl/catalogo/vigente/nissan/sentra,Nissan Sentra 2.0L Sense: https://www.autocosmos.cl/catalogo/2025/nissan/sentra/20l-sense/179659; Nissan Sentra 2.0L Advance CVT: https://www.autocosmos.cl/catalogo/2025/nissan/sentra/20l-advance-cvt/179657; Nissan Sentra 2.0L Exclusive CVT: https://www.autocosmos.cl/catalogo/2025/nissan/sentra/20l-exclusive-cvt/179658
https://www.autocosmos.cl/catalogo/vigente/nissan/versa,Nissan Versa 1.6L Sense: https://www.autocosmos.cl/catalogo/2025/nissan/versa/16l-sense/179672; Nissan Versa 1.6L Sense CVT: https://www.autocosmos.cl/catalogo/2025/nissan/versa/16l-sense-cvt/179673; Nissan Versa 1.6L Advance: https://www.autocosmos.cl/catalogo/2025/nissan/versa/16l-advance/179674; Nissan Versa 1.6L Exclusive Aut: https://www.autocosmos.cl/catalogo/2025/nissan/versa/16l-exclusive-aut/179676
https://www.autocosmos.cl/catalogo/vigente/peugeot/partner,Peugeot Partner L1 BlueHDi 100: https://www.autocosmos.cl/catalogo/2025/peugeot/partner/l1-bluehdi-100/179728; Peugeot Partner L2 BlueHDi 100: https://www.autocosmos.cl/catalogo/2025/peugeot/partner/l2-bluehdi-100/179729
https://www.autocosmos.cl/catalogo/vigente/peugeot/e-partner,Peugeot e-Partner L2: https://www.autocosmos.cl/catalogo/2025/peugeot/e-partner/l2/179730
https://www.autocosmos.cl/catalogo/vigente/renault/kwid-e-tech,Renault KWID E-TECH Intens: https://www.autocosmos.cl/catalogo/2025/renault/kwid-e-tech/intens/179847
https://www.autocosmos.cl/catalogo/vigente/renault/koleos,Renault Koleos 2.5L Zen: https://www.autocosmos.cl/catalogo/2025/renault/koleos/25l-zen/179835; Renault Koleos 2.5L Intens 4x2 Aut: https://www.autocosmos.cl/catalogo/2025/renault/koleos/25l-intens-4x2-aut/180379; Renault Koleos 2.5L Intens 4x4 Aut: https://www.autocosmos.cl/catalogo/2025/renault/koleos/25l-intens-4x4-aut/180204
https://www.autocosmos.cl/catalogo/vigente/toyota/yaris,Toyota Yaris 1.5L i: https://www.autocosmos.cl/catalogo/2025/toyota/yaris/15l-i/180037; Toyota Yaris 1.5L e: https://www.autocosmos.cl/catalogo/2025/toyota/yaris/15l-e/180038; Toyota Yaris 1.5L e CVT: https://www.autocosmos.cl/catalogo/2025/toyota/yaris/15l-e-cvt/180039
https://www.autocosmos.cl/catalogo/vigente/volkswagen/virtus,Volkswagen Virtus  1.0L Comfortline Plus: https://www.autocosmos.cl/catalogo/2025/volkswagen/virtus/10l-comfortline-plus/180091
https://www.autocosmos.cl/catalogo/vigente/byd/yuan-plus-ev,BYD Yuan Plus EV GS: https://www.autocosmos.cl/catalogo/2025/byd/yuan-plus-ev/gs/178812
https://www.autocosmos.cl/catalogo/vigente/changan/cs15,Changan CS15 Comfort: https://www.autocosmos.cl/catalogo/2025/changan/cs15/comfort/178859; Changan CS15 Luxury: https://www.autocosmos.cl/catalogo/2025/changan/cs15/luxury/178830; Changan CS15 Elite: https://www.autocosmos.cl/catalogo/2025/changan/cs15/elite/178831; Changan CS15 Elite Aut: https://www.autocosmos.cl/catalogo/2025/changan/cs15/elite-aut/178832
https://www.autocosmos.cl/catalogo/vigente/changan/cs35-plus,Changan CS35 Plus  1.6L Comfort: https://www.autocosmos.cl/catalogo/2025/changan/cs35-plus/16l-comfort/178848; Changan CS35 Plus  1.6L Luxury: https://www.autocosmos.cl/catalogo/2025/changan/cs35-plus/16l-luxury/178847; Changan CS35 Plus  1.4L Elite Aut: https://www.autocosmos.cl/catalogo/2025/changan/cs35-plus/14l-elite-aut/178858
https://www.autocosmos.cl/catalogo/vigente/changan/cs55,Changan CS55 Comfort: https://www.autocosmos.cl/catalogo/2025/changan/cs55/comfort/178837; Changan CS55 Luxury: https://www.autocosmos.cl/catalogo/2025/changan/cs55/luxury/178838
https://www.autocosmos.cl/catalogo/vigente/changan/star-truck-plus,Changan Star Truck Plus MD301 Cabina Simple: https://www.autocosmos.cl/catalogo/2025/changan/star-truck-plus/md301-cabina-simple/178855; Changan Star Truck Plus MD301 Cargo Box: https://www.autocosmos.cl/catalogo/2025/changan/star-truck-plus/md301-cargo-box/178856; Changan Star Truck Plus MD301 Cabina Doble: https://www.autocosmos.cl/catalogo/2025/changan/star-truck-plus/md301-cabina-doble/178857
https://www.autocosmos.cl/catalogo/vigente/chery/tiggo-2-pro-max,Chery Tiggo 2 Pro Max 1.5L GL: https://www.autocosmos.cl/catalogo/2025/chery/tiggo-2-pro-max/15l-gl/178863; Chery Tiggo 2 Pro Max 1.5L GL CVT: https://www.autocosmos.cl/catalogo/2025/chery/tiggo-2-pro-max/15l-gl-cvt/178864; Chery Tiggo 2 Pro Max 1.5L GLX: https://www.autocosmos.cl/catalogo/2025/chery/tiggo-2-pro-max/15l-glx/178865; Chery Tiggo 2 Pro Max 1.5L GLX Bicolor CVT: https://www.autocosmos.cl/catalogo/2025/chery/tiggo-2-pro-max/15l-glx-bicolor-cvt/178876; Chery Tiggo 2 Pro Max 1.5L GLX CVT: https://www.autocosmos.cl/catalogo/2025/chery/tiggo-2-pro-max/15l-glx-cvt/178866
https://www.autocosmos.cl/catalogo/vigente/chevrolet/blazer,Chevrolet Blazer 3.6L RS 4x4 P: https://www.autocosmos.cl/catalogo/2025/chevrolet/blazer/36l-rs-4x4-p/178916; Chevrolet Blazer 3.6L RS 4x4: https://www.autocosmos.cl/catalogo/2025/chevrolet/blazer/36l-rs-4x4/178890
https://www.autocosmos.cl/catalogo/vigente/chevrolet/bolt,Chevrolet Bolt LTZ: https://www.autocosmos.cl/catalogo/2025/chevrolet/bolt/ltz/178897
https://www.autocosmos.cl/catalogo/vigente/chevrolet/captiva-xl,Chevrolet Captiva XL 1.5T LTZ: https://www.autocosmos.cl/catalogo/2025/chevrolet/captiva-xl/15t-ltz/178918; Chevrolet Captiva XL 1.5T Premier: https://www.autocosmos.cl/catalogo/2025/chevrolet/captiva-xl/15t-premier/178919
https://www.autocosmos.cl/catalogo/vigente/chevrolet/groove,Chevrolet Groove LTZ S: https://www.autocosmos.cl/catalogo/2025/chevrolet/groove/ltz-s/178906; Chevrolet Groove 1.5L Premier S: https://www.autocosmos.cl/catalogo/2025/chevrolet/groove/15l-premier-s/178907
https://www.autocosmos.cl/catalogo/vigente/chevrolet/suburban,Chevrolet Suburban 5.3L 4x4: https://www.autocosmos.cl/catalogo/2025/chevrolet/suburban/53l-4x4/178882
https://www.autocosmos.cl/catalogo/vigente/chevrolet/tahoe,Chevrolet Tahoe Z71 5.3L LTZ 4x4: https://www.autocosmos.cl/catalogo/2025/chevrolet/tahoe/z71-53l-ltz-4x4/178883
https://www.autocosmos.cl/catalogo/vigente/chevrolet/traverse,Chevrolet Traverse  Midnight: https://www.autocosmos.cl/catalogo/2025/chevrolet/traverse/midnight/180494; Chevrolet Traverse  Z71: https://www.autocosmos.cl/catalogo/2025/chevrolet/traverse/z71/180495
https://www.autocosmos.cl/catalogo/vigente/chevrolet/tracker,Chevrolet Tracker 1.2L LTZ S: https://www.autocosmos.cl/catalogo/2025/chevrolet/tracker/12l-ltz-s/180280; Chevrolet Tracker 1.2L LTZ R Aut: https://www.autocosmos.cl/catalogo/2025/chevrolet/tracker/12l-ltz-r-aut/178901; Chevrolet Tracker 1.2L LTZ S Aut: https://www.autocosmos.cl/catalogo/2025/chevrolet/tracker/12l-ltz-s-aut/180279; Chevrolet Tracker 1.2L Premier Aut R: https://www.autocosmos.cl/catalogo/2025/chevrolet/tracker/12l-premier-aut-r/178902; Chevrolet Tracker 1.2L Premier Aut S: https://www.autocosmos.cl/catalogo/2025/chevrolet/tracker/12l-premier-aut-s/180278; Chevrolet Tracker 1.2L LTZ RS Aut: https://www.autocosmos.cl/catalogo/2025/chevrolet/tracker/12l-ltz-rs-aut/180531
https://www.autocosmos.cl/catalogo/vigente/citroen/berlingo,Citroën Berlingo MCA M Diesel: https://www.autocosmos.cl/catalogo/2025/citroen/berlingo/mca-m-diesel/178946; Citroën Berlingo MCA XL Diesel: https://www.autocosmos.cl/catalogo/2025/citroen/berlingo/mca-xl-diesel/180515
https://www.autocosmos.cl/catalogo/vigente/citroen/c5-aircross,Citroën C5 Aircross 1.5 BlueHDi 130 S&S Aut Feel: https://www.autocosmos.cl/catalogo/2025/citroen/c5-aircross/15-bluehdi-130-ss-aut-feel/178923; Citroën C5 Aircross 1.5 BlueHDi 130 S&S Aut Feel Pack: https://www.autocosmos.cl/catalogo/2025/citroen/c5-aircross/15-bluehdi-130-ss-aut-feel-pack/178933; Citroën C5 Aircross 1.5 BlueHDi 130 S&S Aut Shine: https://www.autocosmos.cl/catalogo/2025/citroen/c5-aircross/15-bluehdi-130-ss-aut-shine/178934
https://www.autocosmos.cl/catalogo/vigente/dfsk/500-active,DFSK 500 Active 1.5L Comfort: https://www.autocosmos.cl/catalogo/2025/dfsk/500-active/15l-comfort/178959; DFSK 500 Active 1.5L Luxury: https://www.autocosmos.cl/catalogo/2025/dfsk/500-active/15l-luxury/178960; DFSK 500 Active 1.5L Luxury CVT SK: https://www.autocosmos.cl/catalogo/2025/dfsk/500-active/15l-luxury-cvt-sk/180125
https://www.autocosmos.cl/catalogo/vigente/dfsk/560,DFSK 560 1.8L Comfort 2R: https://www.autocosmos.cl/catalogo/2025/dfsk/560/18l-comfort-2r/178957; DFSK 560 1.8L Comfort: https://www.autocosmos.cl/catalogo/2025/dfsk/560/18l-comfort/178961
https://www.autocosmos.cl/catalogo/vigente/dfsk/580,DFSK 580 1.8L Comfort: https://www.autocosmos.cl/catalogo/2025/dfsk/580/18l-comfort/178958
https://www.autocosmos.cl/catalogo/vigente/dfsk/600,DFSK 600 1.5L Comfort: https://www.autocosmos.cl/catalogo/2025/dfsk/600/15l-comfort/178981; DFSK 600 1.5L Comfort Aut: https://www.autocosmos.cl/catalogo/2025/dfsk/600/15l-comfort-aut/178982; DFSK 600 1.5L Luxury Aut: https://www.autocosmos.cl/catalogo/2025/dfsk/600/15l-luxury-aut/178983
https://www.autocosmos.cl/catalogo/vigente/exeed/lx,Exeed LX Advanced: https://www.autocosmos.cl/catalogo/2026/exeed/lx/advanced/180504; Exeed LX Unlimited: https://www.autocosmos.cl/catalogo/2026/exeed/lx/unlimited/180505; Exeed LX Unlimited AWD: https://www.autocosmos.cl/catalogo/2026/exeed/lx/unlimited-awd/180506
https://www.autocosmos.cl/catalogo/vigente/exeed/txl,Exeed TXL 2.0L Unlimited: https://www.autocosmos.cl/catalogo/2025/exeed/txl/20l-unlimited/179003; Exeed TXL 2.0L Unlimited AWD: https://www.autocosmos.cl/catalogo/2025/exeed/txl/20l-unlimited-awd/179004
https://www.autocosmos.cl/catalogo/vigente/fiat/pulse,FIAT Pulse 1.3L Drive: https://www.autocosmos.cl/catalogo/2025/fiat/pulse/13l-drive/179011; FIAT Pulse 1.3L Drive Aut: https://www.autocosmos.cl/catalogo/2025/fiat/pulse/13l-drive-aut/179012; FIAT Pulse 1.0L Impetus Aut: https://www.autocosmos.cl/catalogo/2025/fiat/pulse/10l-impetus-aut/179013
https://www.autocosmos.cl/catalogo/vigente/ford/bronco-sport,Ford Bronco Sport 1.5L Big Bend: https://www.autocosmos.cl/catalogo/2025/ford/bronco-sport/15l-big-bend/179031; Ford Bronco Sport 1.5L Outer Banks: https://www.autocosmos.cl/catalogo/2025/ford/bronco-sport/15l-outer-banks/180439; Ford Bronco Sport 2.0L Badlands: https://www.autocosmos.cl/catalogo/2025/ford/bronco-sport/20l-badlands/180440
https://www.autocosmos.cl/catalogo/vigente/ford/f-150-raptor,Ford F-150 Raptor 3.5L Ecoboost: https://www.autocosmos.cl/catalogo/2025/ford/f-150-raptor/35l-ecoboost/179037
https://www.autocosmos.cl/catalogo/vigente/ford/explorer-st,Ford Explorer ST 3.0L Ecoboost AWD Aut: https://www.autocosmos.cl/catalogo/2025/ford/explorer-st/30l-ecoboost-awd-aut/179030
https://www.autocosmos.cl/catalogo/vigente/ford/transit-custom,Ford Transit Custom 2.0L Furgón: https://www.autocosmos.cl/catalogo/2025/ford/transit-custom/20l-furgon/179038; Ford Transit Custom 2.0L Furgón Aut: https://www.autocosmos.cl/catalogo/2025/ford/transit-custom/20l-furgon-aut/180445
https://www.autocosmos.cl/catalogo/vigente/ford/expedition,Ford Expedition 3.5L Platinum: https://www.autocosmos.cl/catalogo/2026/ford/expedition/35l-platinum/180475
https://www.autocosmos.cl/catalogo/vigente/ford/explorer,Ford Explorer 2.3L Active: https://www.autocosmos.cl/catalogo/2025/ford/explorer/23l-active/179055; Ford Explorer 2.3L Active AWD: https://www.autocosmos.cl/catalogo/2025/ford/explorer/23l-active-awd/179056; Ford Explorer 2.3L Platinum AWD: https://www.autocosmos.cl/catalogo/2025/ford/explorer/23l-platinum-awd/179057
https://www.autocosmos.cl/catalogo/vigente/ford/territory,Ford Territory 1.5L Trend: https://www.autocosmos.cl/catalogo/2026/ford/territory/15l-trend/180473; Ford Territory 1.5L Titanium: https://www.autocosmos.cl/catalogo/2026/ford/territory/15l-titanium/180474; Ford Territory 1.5L Trend: https://www.autocosmos.cl/catalogo/2025/ford/territory/15l-trend/179035; Ford Territory 1.5L Titanium: https://www.autocosmos.cl/catalogo/2025/ford/territory/15l-titanium/179036
https://www.autocosmos.cl/catalogo/vigente/gac/emkoo,GAC EMKOO 1.5T GE: https://www.autocosmos.cl/catalogo/2025/gac/emkoo/15t-ge/179086; GAC EMKOO 1.5T GL: https://www.autocosmos.cl/catalogo/2025/gac/emkoo/15t-gl/179087
https://www.autocosmos.cl/catalogo/vigente/gac/emzoom,GAC EMZOOM 1.5T GB: https://www.autocosmos.cl/catalogo/2025/gac/emzoom/15t-gb/179090; GAC EMZOOM 1.5T GL: https://www.autocosmos.cl/catalogo/2025/gac/emzoom/15t-gl/179091; GAC EMZOOM 1.5T GL R-Style: https://www.autocosmos.cl/catalogo/2025/gac/emzoom/15t-gl-r-style/179092
https://www.autocosmos.cl/catalogo/vigente/gac/gs3-power,GAC GS3 Power 1.5L GS: https://www.autocosmos.cl/catalogo/2025/gac/gs3-power/15l-gs/179093; GAC GS3 Power 1.5L GB: https://www.autocosmos.cl/catalogo/2025/gac/gs3-power/15l-gb/179080; GAC GS3 Power 1.5L GS Aut: https://www.autocosmos.cl/catalogo/2025/gac/gs3-power/15l-gs-aut/179094; GAC GS3 Power 1.5L GB Aut: https://www.autocosmos.cl/catalogo/2025/gac/gs3-power/15l-gb-aut/179081
https://www.autocosmos.cl/catalogo/vigente/gac/gs4-power,GAC GS4 Power 1.5L GB: https://www.autocosmos.cl/catalogo/2025/gac/gs4-power/15l-gb/179078; GAC GS4 Power 1.5L GB Aut: https://www.autocosmos.cl/catalogo/2025/gac/gs4-power/15l-gb-aut/179079; GAC GS4 Power 1.5L GE Aut: https://www.autocosmos.cl/catalogo/2025/gac/gs4-power/15l-ge-aut/179088; GAC GS4 Power 1.5L GL Aut: https://www.autocosmos.cl/catalogo/2025/gac/gs4-power/15l-gl-aut/179089
https://www.autocosmos.cl/catalogo/vigente/gac/gs8,GAC GS8 GL: https://www.autocosmos.cl/catalogo/2025/gac/gs8/gl/179082; GAC GS8 GT: https://www.autocosmos.cl/catalogo/2025/gac/gs8/gt/179083; GAC GS8 GT 4x4: https://www.autocosmos.cl/catalogo/2025/gac/gs8/gt-4x4/179084; GAC GS8 GX 4x4: https://www.autocosmos.cl/catalogo/2025/gac/gs8/gx-4x4/179085
https://www.autocosmos.cl/catalogo/vigente/honda/cr-v,Honda CR-V 1.5L Touring AWD: https://www.autocosmos.cl/catalogo/2025/honda/cr-v/15l-touring-awd/179128
https://www.autocosmos.cl/catalogo/vigente/honda/hr-v,Honda HR-V LX: https://www.autocosmos.cl/catalogo/2025/honda/hr-v/lx/179138; Honda HR-V EX: https://www.autocosmos.cl/catalogo/2025/honda/hr-v/ex/179139; Honda HR-V EXL: https://www.autocosmos.cl/catalogo/2025/honda/hr-v/exl/179140
https://www.autocosmos.cl/catalogo/vigente/honda/wr-v,Honda WR-V 1.5L LX Aut: https://www.autocosmos.cl/catalogo/2025/honda/wr-v/15l-lx-aut/179133; Honda WR-V 1.5L EX Aut: https://www.autocosmos.cl/catalogo/2025/honda/wr-v/15l-ex-aut/179132; Honda WR-V 1.5L EXL Aut: https://www.autocosmos.cl/catalogo/2025/honda/wr-v/15l-exl-aut/179131
https://www.autocosmos.cl/catalogo/vigente/hyundai/creta,Hyundai Creta 1.5L Go: https://www.autocosmos.cl/catalogo/2025/hyundai/creta/15l-go/179173; Hyundai Creta 1.5L Plus: https://www.autocosmos.cl/catalogo/2025/hyundai/creta/15l-plus/179151; Hyundai Creta 1.5L Plus CVT: https://www.autocosmos.cl/catalogo/2025/hyundai/creta/15l-plus-cvt/179174; Hyundai Creta 1.5L Design CVT: https://www.autocosmos.cl/catalogo/2025/hyundai/creta/15l-design-cvt/179176
https://www.autocosmos.cl/catalogo/vigente/hyundai/ioniq-5,Hyundai Ioniq 5 Premium: https://www.autocosmos.cl/catalogo/2025/hyundai/ioniq-5/premium/179170; Hyundai Ioniq 5 Limited: https://www.autocosmos.cl/catalogo/2025/hyundai/ioniq-5/limited/179171; Hyundai Ioniq 5 Limited AWD: https://www.autocosmos.cl/catalogo/2025/hyundai/ioniq-5/limited-awd/179172
https://www.autocosmos.cl/catalogo/vigente/hyundai/kona,Hyundai Kona 2.0L Plus CVT: https://www.autocosmos.cl/catalogo/2025/hyundai/kona/20l-plus-cvt/179194; Hyundai Kona 2.0L Design CVT: https://www.autocosmos.cl/catalogo/2025/hyundai/kona/20l-design-cvt/179195; Hyundai Kona 1.6T N-Line AWD: https://www.autocosmos.cl/catalogo/2025/hyundai/kona/16t-n-line-awd/179196
https://www.autocosmos.cl/catalogo/vigente/hyundai/tucson,Hyundai Tucson  NX4 2.0L Go: https://www.autocosmos.cl/catalogo/2025/hyundai/tucson/nx4-20l-go/179179; Hyundai Tucson  NX4 2.0L Plus Aut: https://www.autocosmos.cl/catalogo/2025/hyundai/tucson/nx4-20l-plus-aut/179180; Hyundai Tucson  NX4 2.0L Plus AWD Aut: https://www.autocosmos.cl/catalogo/2025/hyundai/tucson/nx4-20l-plus-awd-aut/179181; Hyundai Tucson  NX4 2.0L Blackline Aut: https://www.autocosmos.cl/catalogo/2025/hyundai/tucson/nx4-20l-blackline-aut/179182; Hyundai Tucson  NX4 2.0L CRDi Plus Aut: https://www.autocosmos.cl/catalogo/2025/hyundai/tucson/nx4-20l-crdi-plus-aut/179185; Hyundai Tucson  NX4 1.6T Design Aut: https://www.autocosmos.cl/catalogo/2025/hyundai/tucson/nx4-16t-design-aut/179183; Hyundai Tucson  NX4 2.0L CRDi Plus AWD Aut: https://www.autocosmos.cl/catalogo/2025/hyundai/tucson/nx4-20l-crdi-plus-awd-aut/179186; Hyundai Tucson  NX4 2.0L CRDi Design AWD Aut: https://www.autocosmos.cl/catalogo/2025/hyundai/tucson/nx4-20l-crdi-design-awd-aut/179187; Hyundai Tucson  NX4 1.6T Limited AWD Aut: https://www.autocosmos.cl/catalogo/2025/hyundai/tucson/nx4-16t-limited-awd-aut/179184
https://www.autocosmos.cl/catalogo/vigente/hyundai/venue,Hyundai Venue  1.6L Go: https://www.autocosmos.cl/catalogo/2025/hyundai/venue/16l-go/179190; Hyundai Venue  1.6L Plus: https://www.autocosmos.cl/catalogo/2025/hyundai/venue/16l-plus/179154; Hyundai Venue  1.6L Plus Aut: https://www.autocosmos.cl/catalogo/2025/hyundai/venue/16l-plus-aut/179191
https://www.autocosmos.cl/catalogo/vigente/jac/js2,JAC JS2 1.5L Comfort: https://www.autocosmos.cl/catalogo/2025/jac/js2/15l-comfort/179211; JAC JS2 1.5L Comfort: https://www.autocosmos.cl/catalogo/2025/jac/js2/15l-comfort/180447
https://www.autocosmos.cl/catalogo/vigente/jac/js4,JAC JS4 1.6L Comfort: https://www.autocosmos.cl/catalogo/2025/jac/js4/16l-comfort/179214; JAC JS4 1.5T Luxury: https://www.autocosmos.cl/catalogo/2025/jac/js4/15t-luxury/179216; JAC JS4 1.5T Luxury Aut: https://www.autocosmos.cl/catalogo/2025/jac/js4/15t-luxury-aut/179218; JAC JS4 1.5T Advance Aut: https://www.autocosmos.cl/catalogo/2025/jac/js4/15t-advance-aut/179220
https://www.autocosmos.cl/catalogo/vigente/jac/js8,JAC JS8 1.5L Comfort: https://www.autocosmos.cl/catalogo/2025/jac/js8/15l-comfort/180239; JAC JS8 1.5L Luxury: https://www.autocosmos.cl/catalogo/2025/jac/js8/15l-luxury/180240
https://www.autocosmos.cl/catalogo/vigente/jeep/compass,Jeep Compass  1.3L Sport: https://www.autocosmos.cl/catalogo/2025/jeep/compass/13l-sport/179270; Jeep Compass  1.3L Longitude: https://www.autocosmos.cl/catalogo/2025/jeep/compass/13l-longitude/179271; Jeep Compass  1.3L Limited: https://www.autocosmos.cl/catalogo/2025/jeep/compass/13l-limited/179272
https://www.autocosmos.cl/catalogo/vigente/jeep/commander,Jeep Commander 1.3L Limited 4x2: https://www.autocosmos.cl/catalogo/2025/jeep/commander/13l-limited-4x2/179278; Jeep Commander 1.3L Overland 4x2: https://www.autocosmos.cl/catalogo/2025/jeep/commander/13l-overland-4x2/179273; Jeep Commander 1.3L Limited 4x4: https://www.autocosmos.cl/catalogo/2025/jeep/commander/13l-limited-4x4/179279
https://www.autocosmos.cl/catalogo/vigente/jeep/grand-cherokee,Jeep Grand Cherokee 3.6L Altitude: https://www.autocosmos.cl/catalogo/2025/jeep/grand-cherokee/36l-altitude/179280; Jeep Grand Cherokee 3.6L Limited: https://www.autocosmos.cl/catalogo/2025/jeep/grand-cherokee/36l-limited/179277
https://www.autocosmos.cl/catalogo/vigente/jeep/renegade,Jeep Renegade 1.3L Sport: https://www.autocosmos.cl/catalogo/2025/jeep/renegade/13l-sport/179274; Jeep Renegade 1.3L Longitude: https://www.autocosmos.cl/catalogo/2025/jeep/renegade/13l-longitude/179275
https://www.autocosmos.cl/catalogo/vigente/jeep/wrangler,Jeep Wrangler 2.0L Sport: https://www.autocosmos.cl/catalogo/2025/jeep/wrangler/20l-sport/179283; Jeep Wrangler 2.0L Sahara: https://www.autocosmos.cl/catalogo/2025/jeep/wrangler/20l-sahara/179284; Jeep Wrangler 2.0L Rubicon: https://www.autocosmos.cl/catalogo/2025/jeep/wrangler/20l-rubicon/179285
https://www.autocosmos.cl/catalogo/vigente/jetour/dashing,Jetour Dashing 1.5T Special Edition: https://www.autocosmos.cl/catalogo/2025/jetour/dashing/15t-special-edition/180533; Jetour Dashing 1.5T Lux: https://www.autocosmos.cl/catalogo/2025/jetour/dashing/15t-lux/179289; Jetour Dashing 1.5T Special Edition DCT: https://www.autocosmos.cl/catalogo/2025/jetour/dashing/15t-special-edition-dct/180534
https://www.autocosmos.cl/catalogo/vigente/jetour/x70,Jetour X70 1.5L Lux FL: https://www.autocosmos.cl/catalogo/2025/jetour/x70/15l-lux-fl/180417; Jetour X70 1.5L Lux Aut FL: https://www.autocosmos.cl/catalogo/2025/jetour/x70/15l-lux-aut-fl/179287
https://www.autocosmos.cl/catalogo/vigente/jetour/x90-plus,Jetour X90 Plus 2.0T: https://www.autocosmos.cl/catalogo/2025/jetour/x90-plus/20t/179293
https://www.autocosmos.cl/catalogo/vigente/kaiyi/x3,Kaiyi X3 1.5L Lux: https://www.autocosmos.cl/catalogo/2025/kaiyi/x3/15l-lux/179315; Kaiyi X3 1.5L Lux Aut: https://www.autocosmos.cl/catalogo/2025/kaiyi/x3/15l-lux-aut/179316; Kaiyi X3 1.5L STD: https://www.autocosmos.cl/catalogo/2025/kaiyi/x3/15l-std/179314
https://www.autocosmos.cl/catalogo/vigente/kaiyi/x3-pro,Kaiyi X3 Pro 1.6T 7DCT STD: https://www.autocosmos.cl/catalogo/2025/kaiyi/x3-pro/16t-7dct-std/180219; Kaiyi X3 Pro 1.6T 7DCT LUX: https://www.autocosmos.cl/catalogo/2025/kaiyi/x3-pro/16t-7dct-lux/179313
https://www.autocosmos.cl/catalogo/vigente/kia/carens,Kia Carens  1.5L LX: https://www.autocosmos.cl/catalogo/2025/kia/carens/15l-lx/179339; Kia Carens  1.4L EX Turbo: https://www.autocosmos.cl/catalogo/2025/kia/carens/14l-ex-turbo/179341; Kia Carens  1.4L EX Turbo Full: https://www.autocosmos.cl/catalogo/2025/kia/carens/14l-ex-turbo-full/179340
https://www.autocosmos.cl/catalogo/vigente/kia/carnival,Kia Carnival 3.5L EX GSL: https://www.autocosmos.cl/catalogo/2025/kia/carnival/35l-ex-gsl/179343; Kia Carnival 2.2L EX DSL Full Aut: https://www.autocosmos.cl/catalogo/2025/kia/carnival/22l-ex-dsl-full-aut/179364
https://www.autocosmos.cl/catalogo/vigente/kia/k3,Kia K3 1.4L EX: https://www.autocosmos.cl/catalogo/2025/kia/k3/14l-ex/179365; Kia K3 1.6L EX: https://www.autocosmos.cl/catalogo/2025/kia/k3/16l-ex/179366; Kia K3 1.6L EX Aut: https://www.autocosmos.cl/catalogo/2025/kia/k3/16l-ex-aut/179367; Kia K3 1.6L EX Full: https://www.autocosmos.cl/catalogo/2025/kia/k3/16l-ex-full/179368; Kia K3 1.6L EX Full Aut: https://www.autocosmos.cl/catalogo/2025/kia/k3/16l-ex-full-aut/179374
https://www.autocosmos.cl/catalogo/vigente/kia/niro-hibrido,Kia Niro Híbrido 1.6L LX: https://www.autocosmos.cl/catalogo/2025/kia/niro-hibrido/16l-lx/179380; Kia Niro Híbrido 1.6L EX: https://www.autocosmos.cl/catalogo/2025/kia/niro-hibrido/16l-ex/179381
https://www.autocosmos.cl/catalogo/vigente/kia/ev9,Kia EV9 GT-Line P1: https://www.autocosmos.cl/catalogo/2025/kia/ev9/gt-line-p1/179355; Kia EV9 GT-Line P2: https://www.autocosmos.cl/catalogo/2025/kia/ev9/gt-line-p2/179356
https://www.autocosmos.cl/catalogo/vigente/kia/seltos,Kia Seltos 1.5L EX: https://www.autocosmos.cl/catalogo/2025/kia/seltos/15l-ex/179350; Kia Seltos 1.5L EX IVT: https://www.autocosmos.cl/catalogo/2025/kia/seltos/15l-ex-ivt/179351; Kia Seltos 1.4L EX DCT Turbo: https://www.autocosmos.cl/catalogo/2025/kia/seltos/14l-ex-dct-turbo/179352; Kia Seltos 1.4L EX DCT Turbo Full: https://www.autocosmos.cl/catalogo/2025/kia/seltos/14l-ex-dct-turbo-full/179353
https://www.autocosmos.cl/catalogo/vigente/kia/sonet,Kia Sonet 1.5L EX: https://www.autocosmos.cl/catalogo/2025/kia/sonet/15l-ex/179377; Kia Sonet 1.5L EX Aut: https://www.autocosmos.cl/catalogo/2025/kia/sonet/15l-ex-aut/179349; Kia Sonet 1.5L EX Full: https://www.autocosmos.cl/catalogo/2025/kia/sonet/15l-ex-full/179378; Kia Sonet 1.5L EX Full Aut: https://www.autocosmos.cl/catalogo/2025/kia/sonet/15l-ex-full-aut/179379
https://www.autocosmos.cl/catalogo/vigente/kia/sorento,Kia Sorento 2.5L EX GSL 2WD Aut: https://www.autocosmos.cl/catalogo/2025/kia/sorento/25l-ex-gsl-2wd-aut/179330; Kia Sorento 2.5L EX GSL AWD Full Aut: https://www.autocosmos.cl/catalogo/2025/kia/sorento/25l-ex-gsl-awd-full-aut/179331; Kia Sorento 2.2L EX DSL 2WD Aut: https://www.autocosmos.cl/catalogo/2025/kia/sorento/22l-ex-dsl-2wd-aut/179362; Kia Sorento 2.2L EX DSL AWD Aut: https://www.autocosmos.cl/catalogo/2025/kia/sorento/22l-ex-dsl-awd-aut/179382; Kia Sorento 3.5L EX GSL AWD Full Aut: https://www.autocosmos.cl/catalogo/2025/kia/sorento/35l-ex-gsl-awd-full-aut/179332; Kia Sorento 2.2L EX DSL AWD Aut Full: https://www.autocosmos.cl/catalogo/2025/kia/sorento/22l-ex-dsl-awd-aut-full/179363
https://www.autocosmos.cl/catalogo/vigente/kia/sportage,Kia Sportage 2.0L EX GSL: https://www.autocosmos.cl/catalogo/2025/kia/sportage/20l-ex-gsl/179333; Kia Sportage 2.0L LX GSL: https://www.autocosmos.cl/catalogo/2025/kia/sportage/20l-lx-gsl/180408; Kia Sportage 2.0L LX GSL Aut: https://www.autocosmos.cl/catalogo/2025/kia/sportage/20l-lx-gsl-aut/180409; Kia Sportage 2.0L EX GSL Aut: https://www.autocosmos.cl/catalogo/2025/kia/sportage/20l-ex-gsl-aut/179334; Kia Sportage 2.0L EX GSL CI Aut: https://www.autocosmos.cl/catalogo/2025/kia/sportage/20l-ex-gsl-ci-aut/179335; Kia Sportage 2.0L EX DSL CI Aut: https://www.autocosmos.cl/catalogo/2025/kia/sportage/20l-ex-dsl-ci-aut/179337; Kia Sportage 2.0T LX DSL Aut: https://www.autocosmos.cl/catalogo/2025/kia/sportage/20t-lx-dsl-aut/180410; Kia Sportage 2.0L EX DSL Aut: https://www.autocosmos.cl/catalogo/2025/kia/sportage/20l-ex-dsl-aut/179361; Kia Sportage 2.0L EX GSL AWD Aut: https://www.autocosmos.cl/catalogo/2025/kia/sportage/20l-ex-gsl-awd-aut/179336; Kia Sportage 2.0T EX DSL Aut AWD: https://www.autocosmos.cl/catalogo/2025/kia/sportage/20t-ex-dsl-aut-awd/180413; Kia Sportage 1.6L EX GSL AWD Turbo: https://www.autocosmos.cl/catalogo/2025/kia/sportage/16l-ex-gsl-awd-turbo/179342; Kia Sportage 2.0L EX DSL AWD Aut: https://www.autocosmos.cl/catalogo/2025/kia/sportage/20l-ex-dsl-awd-aut/179338; Kia Sportage 1.6T X-Line GSL Aut AWD: https://www.autocosmos.cl/catalogo/2025/kia/sportage/16t-x-line-gsl-aut-awd/180411; Kia Sportage 2.0T X-Line DSL Aut AWD: https://www.autocosmos.cl/catalogo/2025/kia/sportage/20t-x-line-dsl-aut-awd/180412
https://www.autocosmos.cl/catalogo/vigente/mahindra/xuv-300,Mahindra XUV 300 Comfort: https://www.autocosmos.cl/catalogo/2025/mahindra/xuv-300/comfort/179447; Mahindra XUV 300 Elite: https://www.autocosmos.cl/catalogo/2025/mahindra/xuv-300/elite/179448; Mahindra XUV 300 Luxury: https://www.autocosmos.cl/catalogo/2025/mahindra/xuv-300/luxury/179449
https://www.autocosmos.cl/catalogo/vigente/maxus/d60,Maxus D60 Elite: https://www.autocosmos.cl/catalogo/2025/maxus/d60/elite/179466; Maxus D60 Luxury: https://www.autocosmos.cl/catalogo/2025/maxus/d60/luxury/179467
https://www.autocosmos.cl/catalogo/vigente/maxus/d90,Maxus D90 Elite: https://www.autocosmos.cl/catalogo/2025/maxus/d90/elite/179468; Maxus D90 Luxury: https://www.autocosmos.cl/catalogo/2025/maxus/d90/luxury/179469; Maxus D90 Flagship: https://www.autocosmos.cl/catalogo/2025/maxus/d90/flagship/179470
https://www.autocosmos.cl/catalogo/vigente/maxus/g90,Maxus G90 Elite 6+1: https://www.autocosmos.cl/catalogo/2025/maxus/g90/elite-61/179472; Maxus G90 Luxury 6+1: https://www.autocosmos.cl/catalogo/2025/maxus/g90/luxury-61/179473
https://www.autocosmos.cl/catalogo/vigente/maxus/mifa-9,Maxus Mifa 9 242Hp: https://www.autocosmos.cl/catalogo/2025/maxus/mifa-9/242hp/179471
https://www.autocosmos.cl/catalogo/vigente/mazda/cx-3,Mazda CX-3 2.0L Core 2WD: https://www.autocosmos.cl/catalogo/2025/mazda/cx-3/20l-core-2wd/179490; Mazda CX-3 2.0L Core 2WD Aut: https://www.autocosmos.cl/catalogo/2025/mazda/cx-3/20l-core-2wd-aut/179491
https://www.autocosmos.cl/catalogo/vigente/mazda/cx-30,Mazda CX-30 2.0L Entry Aut: https://www.autocosmos.cl/catalogo/2025/mazda/cx-30/20l-entry-aut/179505; Mazda CX-30 2.0L Core: https://www.autocosmos.cl/catalogo/2025/mazda/cx-30/20l-core/179504; Mazda CX-30 2.0L Core Aut 4x4: https://www.autocosmos.cl/catalogo/2025/mazda/cx-30/20l-core-aut-4x4/179506; Mazda CX-30 2.0L Core Plus Aut 4x4: https://www.autocosmos.cl/catalogo/2025/mazda/cx-30/20l-core-plus-aut-4x4/179507; Mazda CX-30 2.5L High Aut 4x4: https://www.autocosmos.cl/catalogo/2025/mazda/cx-30/25l-high-aut-4x4/179508
https://www.autocosmos.cl/catalogo/vigente/mazda/cx-5,Mazda CX-5 2.0L Core Aut: https://www.autocosmos.cl/catalogo/2025/mazda/cx-5/20l-core-aut/179474; Mazda CX-5 2.0L Core Aut 4x4: https://www.autocosmos.cl/catalogo/2025/mazda/cx-5/20l-core-aut-4x4/179475; Mazda CX-5 2.0L Core Plus Aut 4x4: https://www.autocosmos.cl/catalogo/2025/mazda/cx-5/20l-core-plus-aut-4x4/179509; Mazda CX-5 2.5L Sport Aut 4x4: https://www.autocosmos.cl/catalogo/2025/mazda/cx-5/25l-sport-aut-4x4/179476; Mazda CX-5 2.5T Signature Aut 4x4: https://www.autocosmos.cl/catalogo/2025/mazda/cx-5/25t-signature-aut-4x4/179477
https://www.autocosmos.cl/catalogo/vigente/mg/hs,MG HS 1.5L Com: https://www.autocosmos.cl/catalogo/2025/mg/hs/15l-com/179585; MG HS 1.5L DLX DCT: https://www.autocosmos.cl/catalogo/2025/mg/hs/15l-dlx-dct/179586; MG HS 2.0L DCT Trophy AWD: https://www.autocosmos.cl/catalogo/2025/mg/hs/20l-dct-trophy-awd/179587
https://www.autocosmos.cl/catalogo/vigente/mg/zs,MG ZS  1.5L STD: https://www.autocosmos.cl/catalogo/2025/mg/zs/15l-std/179590; MG ZS  1.5L STD Aut: https://www.autocosmos.cl/catalogo/2025/mg/zs/15l-std-aut/179591; MG ZS  1.5L Comfort: https://www.autocosmos.cl/catalogo/2025/mg/zs/15l-comfort/179588; MG ZS  1.5L Lux Aut: https://www.autocosmos.cl/catalogo/2025/mg/zs/15l-lux-aut/180380
https://www.autocosmos.cl/catalogo/vigente/mg/one,MG One 1.5T CVT: https://www.autocosmos.cl/catalogo/2025/mg/one/15t-cvt/179597; MG One 1.5T CVT DLX: https://www.autocosmos.cl/catalogo/2025/mg/one/15t-cvt-dlx/179598
https://www.autocosmos.cl/catalogo/vigente/mg/rx5,MG RX5 1.5T Com: https://www.autocosmos.cl/catalogo/2025/mg/rx5/15t-com/179600; MG RX5 1.5T Com DCT: https://www.autocosmos.cl/catalogo/2025/mg/rx5/15t-com-dct/179601; MG RX5 1.5T DLX DCT: https://www.autocosmos.cl/catalogo/2025/mg/rx5/15t-dlx-dct/179602
https://www.autocosmos.cl/catalogo/vigente/mg/zx,MG ZX 1.5L  COM: https://www.autocosmos.cl/catalogo/2025/mg/zx/15l--com/179592; MG ZX 1.5L DLX: https://www.autocosmos.cl/catalogo/2025/mg/zx/15l-dlx/179593; MG ZX 1.5L DLX CVT: https://www.autocosmos.cl/catalogo/2025/mg/zx/15l-dlx-cvt/179594; MG ZX 1.3L Turbo Trophy Aut: https://www.autocosmos.cl/catalogo/2025/mg/zx/13l-turbo-trophy-aut/179595
https://www.autocosmos.cl/catalogo/vigente/mitsubishi/eclipse-cross,Mitsubishi Eclipse Cross 1.5L RX 4x2: https://www.autocosmos.cl/catalogo/2025/mitsubishi/eclipse-cross/15l-rx-4x2/179629; Mitsubishi Eclipse Cross 1.5L RT 4x2 Aut: https://www.autocosmos.cl/catalogo/2025/mitsubishi/eclipse-cross/15l-rt-4x2-aut/180466; Mitsubishi Eclipse Cross 1.5L RS 4x2 Aut: https://www.autocosmos.cl/catalogo/2025/mitsubishi/eclipse-cross/15l-rs-4x2-aut/179630
https://www.autocosmos.cl/catalogo/vigente/mitsubishi/montero-sport,Mitsubishi Montero Sport 2.4L 4x2 Aut: https://www.autocosmos.cl/catalogo/2025/mitsubishi/montero-sport/24l-4x2-aut/179643; Mitsubishi Montero Sport 2.4L Limited 4x4 Aut: https://www.autocosmos.cl/catalogo/2025/mitsubishi/montero-sport/24l-limited-4x4-aut/179644; Mitsubishi Montero Sport 3.0L Limited 4x4 Aut: https://www.autocosmos.cl/catalogo/2025/mitsubishi/montero-sport/30l-limited-4x4-aut/180467
https://www.autocosmos.cl/catalogo/vigente/mitsubishi/outlander,Mitsubishi Outlander  2.5L GL 4x2 5 Pas: https://www.autocosmos.cl/catalogo/2025/mitsubishi/outlander/25l-gl-4x2-5-pas/179638; Mitsubishi Outlander  2.5L GLX 4x2 7 Pas: https://www.autocosmos.cl/catalogo/2025/mitsubishi/outlander/25l-glx-4x2-7-pas/179639; Mitsubishi Outlander  2.5L GLS 4x4 7 Pas: https://www.autocosmos.cl/catalogo/2025/mitsubishi/outlander/25l-gls-4x4-7-pas/179640; Mitsubishi Outlander  2.5L GLS 4x4 7 Pas Limited: https://www.autocosmos.cl/catalogo/2025/mitsubishi/outlander/25l-gls-4x4-7-pas-limited/179641
https://www.autocosmos.cl/catalogo/vigente/mitsubishi/xpander,Mitsubishi Xpander GL: https://www.autocosmos.cl/catalogo/2025/mitsubishi/xpander/gl/179635; Mitsubishi Xpander GLX: https://www.autocosmos.cl/catalogo/2025/mitsubishi/xpander/glx/179636
https://www.autocosmos.cl/catalogo/vigente/nissan/qashqai,Nissan Qashqai Sense: https://www.autocosmos.cl/catalogo/2025/nissan/qashqai/sense/179665; Nissan Qashqai Advance: https://www.autocosmos.cl/catalogo/2025/nissan/qashqai/advance/179666; Nissan Qashqai Advance CVT Plus: https://www.autocosmos.cl/catalogo/2025/nissan/qashqai/advance-cvt-plus/179667; Nissan Qashqai Exclusive CVT 4x4: https://www.autocosmos.cl/catalogo/2025/nissan/qashqai/exclusive-cvt-4x4/179668
https://www.autocosmos.cl/catalogo/vigente/nissan/pathfinder,Nissan Pathfinder 3.5L Advance 4x4: https://www.autocosmos.cl/catalogo/2025/nissan/pathfinder/35l-advance-4x4/179654; Nissan Pathfinder 3.5L Sense 4x2: https://www.autocosmos.cl/catalogo/2025/nissan/pathfinder/35l-sense-4x2/179652; Nissan Pathfinder 3.5L Advance 4x2: https://www.autocosmos.cl/catalogo/2025/nissan/pathfinder/35l-advance-4x2/179653; Nissan Pathfinder 3.5L Exclusive 4x4: https://www.autocosmos.cl/catalogo/2025/nissan/pathfinder/35l-exclusive-4x4/179655
https://www.autocosmos.cl/catalogo/vigente/nissan/x-trail,Nissan X-Trail 2.5L Sense 2Row: https://www.autocosmos.cl/catalogo/2025/nissan/x-trail/25l-sense-2row/179648; Nissan X-Trail 2.5L Sense 3Row: https://www.autocosmos.cl/catalogo/2025/nissan/x-trail/25l-sense-3row/179649; Nissan X-Trail 2.5L Advance 3Row: https://www.autocosmos.cl/catalogo/2025/nissan/x-trail/25l-advance-3row/179650; Nissan X-Trail 2.5L Exclusive 3Row 4x4: https://www.autocosmos.cl/catalogo/2025/nissan/x-trail/25l-exclusive-3row-4x4/179651
https://www.autocosmos.cl/catalogo/vigente/opel/grandland,Opel Grandland 1.2L GS: https://www.autocosmos.cl/catalogo/2025/opel/grandland/12l-gs/179696; Opel Grandland 1.2L GS Aut: https://www.autocosmos.cl/catalogo/2025/opel/grandland/12l-gs-aut/179697; Opel Grandland 1.5 TD Aut: https://www.autocosmos.cl/catalogo/2025/opel/grandland/15-td-aut/179698
https://www.autocosmos.cl/catalogo/vigente/opel/mokka,Opel Mokka 1.2L Elegance: https://www.autocosmos.cl/catalogo/2025/opel/mokka/12l-elegance/179693; Opel Mokka 1.2L Elegance Aut: https://www.autocosmos.cl/catalogo/2025/opel/mokka/12l-elegance-aut/179694; Opel Mokka 1.2L GS Line Aut: https://www.autocosmos.cl/catalogo/2025/opel/mokka/12l-gs-line-aut/179695
https://www.autocosmos.cl/catalogo/vigente/peugeot/traveller,Peugeot Traveller Bussines L3 8P BlueHDi 180: https://www.autocosmos.cl/catalogo/2025/peugeot/traveller/bussines-l3-8p-bluehdi-180/179731; Peugeot Traveller Bussines L3 9P BlueHDi 180: https://www.autocosmos.cl/catalogo/2025/peugeot/traveller/bussines-l3-9p-bluehdi-180/179732
https://www.autocosmos.cl/catalogo/vigente/peugeot/rifter,Peugeot Rifter 1.2L Allure 130HP Aut: https://www.autocosmos.cl/catalogo/2025/peugeot/rifter/12l-allure-130hp-aut/179720; Peugeot Rifter 1.6L Allure BlueHDi 100HP: https://www.autocosmos.cl/catalogo/2025/peugeot/rifter/16l-allure-bluehdi-100hp/179707; Peugeot Rifter 1.5L Allure BlueHDi 130HP Aut: https://www.autocosmos.cl/catalogo/2025/peugeot/rifter/15l-allure-bluehdi-130hp-aut/179706
https://www.autocosmos.cl/catalogo/vigente/renault/duster,Renault Duster 1.6L Zen: https://www.autocosmos.cl/catalogo/2025/renault/duster/16l-zen/179836; Renault Duster 1.6L Intens: https://www.autocosmos.cl/catalogo/2025/renault/duster/16l-intens/179848; Renault Duster 1.6L Intens Aut: https://www.autocosmos.cl/catalogo/2025/renault/duster/16l-intens-aut/179849
https://www.autocosmos.cl/catalogo/vigente/ssangyong/rexton,SsangYong Rexton 2.0T LX: https://www.autocosmos.cl/catalogo/2025/ssangyong/rexton/20t-lx/179894; SsangYong Rexton 2.0T LX Aut: https://www.autocosmos.cl/catalogo/2025/ssangyong/rexton/20t-lx-aut/179895; SsangYong Rexton 2.0T LX Aut 4x4: https://www.autocosmos.cl/catalogo/2025/ssangyong/rexton/20t-lx-aut-4x4/179896; SsangYong Rexton 2.2TD GLX Aut: https://www.autocosmos.cl/catalogo/2025/ssangyong/rexton/22td-glx-aut/179883; SsangYong Rexton 2.2TD GLX Aut 4x4: https://www.autocosmos.cl/catalogo/2025/ssangyong/rexton/22td-glx-aut-4x4/179885; SsangYong Rexton 2.2TD Limited Aut 4x4: https://www.autocosmos.cl/catalogo/2025/ssangyong/rexton/22td-limited-aut-4x4/179884; SsangYong Rexton 2.2TD Limited Plus Aut 4x4: https://www.autocosmos.cl/catalogo/2025/ssangyong/rexton/22td-limited-plus-aut-4x4/179886
https://www.autocosmos.cl/catalogo/vigente/ssangyong/torres,SsangYong Torres 1.5L GLX: https://www.autocosmos.cl/catalogo/2025/ssangyong/torres/15l-glx/179900; SsangYong Torres 1.5L GLX Aut: https://www.autocosmos.cl/catalogo/2025/ssangyong/torres/15l-glx-aut/179901
https://www.autocosmos.cl/catalogo/vigente/subaru/crosstrek,Subaru Crosstrek 2.0i 4x4 CVT: https://www.autocosmos.cl/catalogo/2025/subaru/crosstrek/20i-4x4-cvt/179928; Subaru Crosstrek 2.0i 4x4 CVT Dynamic ES: https://www.autocosmos.cl/catalogo/2025/subaru/crosstrek/20i-4x4-cvt-dynamic-es/179929; Subaru Crosstrek 2.0i 4x4 CVT Touring ES HK: https://www.autocosmos.cl/catalogo/2025/subaru/crosstrek/20i-4x4-cvt-touring-es-hk/179931; Subaru Crosstrek 2.0i 4x4 CVT Touring ES HK Plus: https://www.autocosmos.cl/catalogo/2025/subaru/crosstrek/20i-4x4-cvt-touring-es-hk-plus/180302
https://www.autocosmos.cl/catalogo/vigente/suzuki/jimny,Suzuki Jimny 1.5L GL: https://www.autocosmos.cl/catalogo/2025/suzuki/jimny/15l-gl/179960; Suzuki Jimny 1.5L GL Winche: https://www.autocosmos.cl/catalogo/2025/suzuki/jimny/15l-gl-winche/179965; Suzuki Jimny 1.5L GLX Aut: https://www.autocosmos.cl/catalogo/2025/suzuki/jimny/15l-glx-aut/179961
https://www.autocosmos.cl/catalogo/vigente/suzuki/grand-vitara,Suzuki Grand Vitara GL: https://www.autocosmos.cl/catalogo/2025/suzuki/grand-vitara/gl/179970; Suzuki Grand Vitara GL Aut: https://www.autocosmos.cl/catalogo/2025/suzuki/grand-vitara/gl-aut/179971; Suzuki Grand Vitara GLX: https://www.autocosmos.cl/catalogo/2025/suzuki/grand-vitara/glx/179972; Suzuki Grand Vitara GLX Aut: https://www.autocosmos.cl/catalogo/2025/suzuki/grand-vitara/glx-aut/179973; Suzuki Grand Vitara Limited Aut 4x4: https://www.autocosmos.cl/catalogo/2025/suzuki/grand-vitara/limited-aut-4x4/179974
https://www.autocosmos.cl/catalogo/vigente/suzuki/xl7,Suzuki XL7 1.4L GLX: https://www.autocosmos.cl/catalogo/2025/suzuki/xl7/14l-glx/179958; Suzuki XL7 1.4L GLX Aut: https://www.autocosmos.cl/catalogo/2025/suzuki/xl7/14l-glx-aut/179959
https://www.autocosmos.cl/catalogo/vigente/toyota/4runner,Toyota 4Runner 4x4 SR5: https://www.autocosmos.cl/catalogo/2025/toyota/4runner/4x4-sr5/180488; Toyota 4Runner 4x4 Limited: https://www.autocosmos.cl/catalogo/2025/toyota/4runner/4x4-limited/180489
https://www.autocosmos.cl/catalogo/vigente/toyota/land-cruiser-prado,Toyota Land Cruiser Prado VX: https://www.autocosmos.cl/catalogo/2025/toyota/land-cruiser-prado/vx/178586; Toyota Land Cruiser Prado VX-L: https://www.autocosmos.cl/catalogo/2025/toyota/land-cruiser-prado/vx-l/178587
https://www.autocosmos.cl/catalogo/vigente/toyota/raize,Toyota Raize 1.2L I: https://www.autocosmos.cl/catalogo/2025/toyota/raize/12l-i/180028; Toyota Raize 1.2L E: https://www.autocosmos.cl/catalogo/2025/toyota/raize/12l-e/180029; Toyota Raize 1.2L E Aut: https://www.autocosmos.cl/catalogo/2025/toyota/raize/12l-e-aut/180030; Toyota Raize 1.2L G Aut: https://www.autocosmos.cl/catalogo/2025/toyota/raize/12l-g-aut/180031
https://www.autocosmos.cl/catalogo/vigente/toyota/rav4--hibrido,Toyota RAV4  Híbrido  2.5L XLE CVT: https://www.autocosmos.cl/catalogo/2025/toyota/rav4--hibrido/25l-xle-cvt/180032; Toyota RAV4  Híbrido  2.5L XSE CVT: https://www.autocosmos.cl/catalogo/2025/toyota/rav4--hibrido/25l-xse-cvt/180021; Toyota RAV4  Híbrido  2.5L Limited CVT: https://www.autocosmos.cl/catalogo/2025/toyota/rav4--hibrido/25l-limited-cvt/180040
https://www.autocosmos.cl/catalogo/vigente/toyota/rav4,Toyota Rav4 2.0L LE: https://www.autocosmos.cl/catalogo/2025/toyota/rav4/20l-le/180011; Toyota Rav4 2.0L XLE Aut: https://www.autocosmos.cl/catalogo/2025/toyota/rav4/20l-xle-aut/180033
https://www.autocosmos.cl/catalogo/vigente/volkswagen/t-cross,Volkswagen T-Cross 1.0L Trendline TSi: https://www.autocosmos.cl/catalogo/2025/volkswagen/t-cross/10l-trendline-tsi/180081; Volkswagen T-Cross 1.0L Comfortline TSi: https://www.autocosmos.cl/catalogo/2025/volkswagen/t-cross/10l-comfortline-tsi/180094; Volkswagen T-Cross 1.0L Comfortline TSi Aut: https://www.autocosmos.cl/catalogo/2025/volkswagen/t-cross/10l-comfortline-tsi-aut/180085; Volkswagen T-Cross 1.0L Higline TSi Aut: https://www.autocosmos.cl/catalogo/2025/volkswagen/t-cross/10l-higline-tsi-aut/180086; Volkswagen T-Cross 1.0L Higline Sport TSi Aut: https://www.autocosmos.cl/catalogo/2025/volkswagen/t-cross/10l-higline-sport-tsi-aut/180095; Volkswagen T-Cross 1.0L Higline Sport S TSi Aut: https://www.autocosmos.cl/catalogo/2025/volkswagen/t-cross/10l-higline-sport-s-tsi-aut/180179
https://www.autocosmos.cl/catalogo/vigente/volkswagen/tiguan,Volkswagen Tiguan 1.4L TSi Comfortline Aut: https://www.autocosmos.cl/catalogo/2025/volkswagen/tiguan/14l-tsi-comfortline-aut/180078; Volkswagen Tiguan 2.0L TSi R-Line 4Motion Aut: https://www.autocosmos.cl/catalogo/2025/volkswagen/tiguan/20l-tsi-r-line-4motion-aut/180080
https://www.autocosmos.cl/catalogo/vigente/citroen/jumper,Citroën Jumper  2.0L L2H2 BlueHDi: https://www.autocosmos.cl/catalogo/2025/citroen/jumper/20l-l2h2-bluehdi/178924; Citroën Jumper  2.0L L3H2 BlueHDi: https://www.autocosmos.cl/catalogo/2025/citroen/jumper/20l-l3h2-bluehdi/178925; Citroën Jumper  2.2L L4H2 HDi: https://www.autocosmos.cl/catalogo/2025/citroen/jumper/22l-l4h2-hdi/178926
https://www.autocosmos.cl/catalogo/vigente/ford/transit-bus,Ford Transit Bus 2.0L 14+1: https://www.autocosmos.cl/catalogo/2025/ford/transit-bus/20l-141/180299; Ford Transit Bus 2.0L 17+1 Pas Plus: https://www.autocosmos.cl/catalogo/2025/ford/transit-bus/20l-171-pas-plus/179023; Ford Transit Bus 2.0L 17+1 Pas: https://www.autocosmos.cl/catalogo/2025/ford/transit-bus/20l-171-pas/180118
https://www.autocosmos.cl/catalogo/vigente/hyundai/staria-furgon,Hyundai Staria Furgón 2.2L: https://www.autocosmos.cl/catalogo/2025/hyundai/staria-furgon/22l/179166
https://www.autocosmos.cl/catalogo/vigente/hyundai/santa-fe-hibrida,Hyundai Santa Fe Híbrida 1.6T Premium AWD Aut: https://www.autocosmos.cl/catalogo/2025/hyundai/santa-fe-hibrida/16t-premium-awd-aut/178538; Hyundai Santa Fe Híbrida 1.6T Limited AWD Aut: https://www.autocosmos.cl/catalogo/2025/hyundai/santa-fe-hibrida/16t-limited-awd-aut/178539
https://www.autocosmos.cl/catalogo/vigente/hyundai/staria,Hyundai Staria 2.2L 11P: https://www.autocosmos.cl/catalogo/2025/hyundai/staria/22l-11p/179157; Hyundai Staria 2.2L Aut 9P: https://www.autocosmos.cl/catalogo/2025/hyundai/staria/22l-aut-9p/179158; Hyundai Staria 2.2L AWD 7P: https://www.autocosmos.cl/catalogo/2025/hyundai/staria/22l-awd-7p/179162; Hyundai Staria 2.2L AWD 9P: https://www.autocosmos.cl/catalogo/2025/hyundai/staria/22l-awd-9p/179159
https://www.autocosmos.cl/catalogo/vigente/jac/refine-cargo,JAC Refine Cargo 1.9L Furgón: https://www.autocosmos.cl/catalogo/2025/jac/refine-cargo/19l-furgon/179236
https://www.autocosmos.cl/catalogo/vigente/maxus/g-10-ejecutiva,Maxus G-10 Ejecutiva 6+1: https://www.autocosmos.cl/catalogo/2025/maxus/g-10-ejecutiva/61/179464; Maxus G-10 Ejecutiva 9+1: https://www.autocosmos.cl/catalogo/2025/maxus/g-10-ejecutiva/91/179465
https://www.autocosmos.cl/catalogo/vigente/maxus/t90-ev,Maxus T90 EV GL: https://www.autocosmos.cl/catalogo/2026/maxus/t90-ev/gl/180481; Maxus T90 EV GLX: https://www.autocosmos.cl/catalogo/2026/maxus/t90-ev/glx/180482; Maxus T90 EV 4x2: https://www.autocosmos.cl/catalogo/2025/maxus/t90-ev/4x2/179459
https://www.autocosmos.cl/catalogo/vigente/toyota/yaris-gr,Toyota Yaris GR 1.6L: https://www.autocosmos.cl/catalogo/2025/toyota/yaris-gr/16l/180536; Toyota Yaris GR 1.6L Aut: https://www.autocosmos.cl/catalogo/2025/toyota/yaris-gr/16l-aut/180537
https://www.autocosmos.cl/catalogo/vigente/changan/m201-furgon,Changan M201 Furgón 1.2L: https://www.autocosmos.cl/catalogo/2025/changan/m201-furgon/12l/178845; Changan M201 Furgón 1.2L Ac: https://www.autocosmos.cl/catalogo/2025/changan/m201-furgon/12l-ac/178846
https://www.autocosmos.cl/catalogo/vigente/chevrolet/n400-max,Chevrolet N400 Max 1.5L Ac S: https://www.autocosmos.cl/catalogo/2025/chevrolet/n400-max/15l-ac-s/178908
https://www.autocosmos.cl/catalogo/vigente/citroen/e-berlingo,Citroën E-Berlingo M: https://www.autocosmos.cl/catalogo/2025/citroen/e-berlingo/m/178948
https://www.autocosmos.cl/catalogo/vigente/ford/transit-furgon,Ford Transit Furgón 2.0L Alto 4x4: https://www.autocosmos.cl/catalogo/2025/ford/transit-furgon/20l-alto-4x4/180298; Ford Transit Furgón 2.0L Medio: https://www.autocosmos.cl/catalogo/2025/ford/transit-furgon/20l-medio/180117; Ford Transit Furgón 2.0L Alto Aut: https://www.autocosmos.cl/catalogo/2025/ford/transit-furgon/20l-alto-aut/179054; Ford Transit Furgón 2.0L Alto: https://www.autocosmos.cl/catalogo/2025/ford/transit-furgon/20l-alto/179024
https://www.autocosmos.cl/catalogo/vigente/kyc/gran-mamut-cargo-box,KYC Gran Mamut Cargo Box 1.5L: https://www.autocosmos.cl/catalogo/2025/kyc/gran-mamut-cargo-box/15l/179392; KYC Gran Mamut Cargo Box 1.6L: https://www.autocosmos.cl/catalogo/2025/kyc/gran-mamut-cargo-box/16l/179398
https://www.autocosmos.cl/catalogo/vigente/maxus/edeliver-9,Maxus eDeliver 9 L2H2: https://www.autocosmos.cl/catalogo/2025/maxus/edeliver-9/l2h2/179461; Maxus eDeliver 9 L3H2: https://www.autocosmos.cl/catalogo/2025/maxus/edeliver-9/l3h2/179462
https://www.autocosmos.cl/catalogo/vigente/opel/combo,Opel Combo 1.5L TD Lite: https://www.autocosmos.cl/catalogo/2025/opel/combo/15l-td-lite/178649; Opel Combo 1.5L TD MCA: https://www.autocosmos.cl/catalogo/2025/opel/combo/15l-td-mca/180438
https://www.autocosmos.cl/catalogo/vigente/peugeot/expert,Peugeot Expert L3 BlueHDi 145: https://www.autocosmos.cl/catalogo/2025/peugeot/expert/l3-bluehdi-145/179742
https://www.autocosmos.cl/catalogo/vigente/ram/v1000,RAM V1000 Corto: https://www.autocosmos.cl/catalogo/2025/ram/v1000/corto/179819
https://www.autocosmos.cl/catalogo/vigente/ram/v700-rapid,RAM V700 Rapid 1.4L ST: https://www.autocosmos.cl/catalogo/2025/ram/v700-rapid/14l-st/179822
https://www.autocosmos.cl/catalogo/vigente/chevrolet/onix-sedan,Chevrolet Onix Sedán  1.2L LT R: https://www.autocosmos.cl/catalogo/2025/chevrolet/onix-sedan/12l-lt-r/178895; Chevrolet Onix Sedán  1.2L LTZ R: https://www.autocosmos.cl/catalogo/2025/chevrolet/onix-sedan/12l-ltz-r/178899; Chevrolet Onix Sedán  1.0L Premier S: https://www.autocosmos.cl/catalogo/2025/chevrolet/onix-sedan/10l-premier-s/178914
https://www.autocosmos.cl/catalogo/vigente/citroen/c3,Citroën C3 1.2L PureTech 82 Live: https://www.autocosmos.cl/catalogo/2025/citroen/c3/12l-puretech-82-live/178937; Citroën C3 1.2L PureTech 82 Feel: https://www.autocosmos.cl/catalogo/2025/citroen/c3/12l-puretech-82-feel/178938; Citroën C3 1.6L PureTech 115 Feel Pack: https://www.autocosmos.cl/catalogo/2025/citroen/c3/16l-puretech-115-feel-pack/178941
https://www.autocosmos.cl/catalogo/vigente/fiat/500e,FIAT 500e 118Cv: https://www.autocosmos.cl/catalogo/2025/fiat/500e/118cv/179019
https://www.autocosmos.cl/catalogo/vigente/opel/corsa,Opel Corsa  1.2L Edition: https://www.autocosmos.cl/catalogo/2025/opel/corsa/12l-edition/179689; Opel Corsa  1.2T Edition Aut: https://www.autocosmos.cl/catalogo/2025/opel/corsa/12t-edition-aut/179688; Opel Corsa  1.2T GS Line Aut: https://www.autocosmos.cl/catalogo/2024/opel/corsa/12t-gs-line-aut/177812
https://www.autocosmos.cl/catalogo/vigente/peugeot/308,Peugeot 308 1.2L Allure Pack Puretech 130HP Aut: https://www.autocosmos.cl/catalogo/2025/peugeot/308/12l-allure-pack-puretech-130hp-aut/179725; Peugeot 308 1.5L Allure Pack BlueHDI Aut 130HP: https://www.autocosmos.cl/catalogo/2025/peugeot/308/15l-allure-pack-bluehdi-aut-130hp/179727; Peugeot 308 1.2L GT Pack Puretech Aut 130HP: https://www.autocosmos.cl/catalogo/2025/peugeot/308/12l-gt-pack-puretech-aut-130hp/179726
https://www.autocosmos.cl/catalogo/vigente/suzuki/alto,Suzuki Alto 1.0L GL: https://www.autocosmos.cl/catalogo/2025/suzuki/alto/10l-gl/179982; Suzuki Alto 1.0L GL Plus: https://www.autocosmos.cl/catalogo/2025/suzuki/alto/10l-gl-plus/180485
https://www.autocosmos.cl/catalogo/vigente/suzuki/baleno,Suzuki Baleno 1.5L GLS: https://www.autocosmos.cl/catalogo/2025/suzuki/baleno/15l-gls/179936; Suzuki Baleno 1.5L GLS Aut: https://www.autocosmos.cl/catalogo/2025/suzuki/baleno/15l-gls-aut/179955; Suzuki Baleno 1.5L GLX: https://www.autocosmos.cl/catalogo/2025/suzuki/baleno/15l-glx/179956; Suzuki Baleno 1.5L GLX Aut: https://www.autocosmos.cl/catalogo/2025/suzuki/baleno/15l-glx-aut/179957
https://www.autocosmos.cl/catalogo/vigente/suzuki/s-presso,Suzuki S-Presso GLX: https://www.autocosmos.cl/catalogo/2025/suzuki/s-presso/glx/179969; Suzuki S-Presso GLX Aut: https://www.autocosmos.cl/catalogo/2025/suzuki/s-presso/glx-aut/179975
https://www.autocosmos.cl/catalogo/vigente/toyota/hilux-gr-s,Toyota Hilux GR-S 4x4 2.8L Aut: https://www.autocosmos.cl/catalogo/2025/toyota/hilux-gr-s/4x4-28l-aut/180034
https://www.autocosmos.cl/catalogo/vigente/toyota/yaris-cross,Toyota Yaris Cross XI 1.5L: https://www.autocosmos.cl/catalogo/2025/toyota/yaris-cross/xi-15l/180045; Toyota Yaris Cross XI 1.5L CVT: https://www.autocosmos.cl/catalogo/2025/toyota/yaris-cross/xi-15l-cvt/180047; Toyota Yaris Cross XG 1.5L CVT: https://www.autocosmos.cl/catalogo/2025/toyota/yaris-cross/xg-15l-cvt/180046
https://www.autocosmos.cl/catalogo/vigente/volkswagen/polo,Volkswagen Polo  1.6L MSi Comfortline: https://www.autocosmos.cl/catalogo/2025/volkswagen/polo/16l-msi-comfortline/180069; Volkswagen Polo  1.0L TSi Comfortline Aut: https://www.autocosmos.cl/catalogo/2025/volkswagen/polo/10l-tsi-comfortline-aut/180088; Volkswagen Polo  1.0L TSi Highline: https://www.autocosmos.cl/catalogo/2025/volkswagen/polo/10l-tsi-highline/180089
