marca,modelo,tipo producto
changan,hunter 1.9l comfort,camioneta
changan,hunter 1.9l comfort 4x4,camioneta
changan,hunter 1.9l elite 4x4,camioneta
changan,hunter 1.9l luxury,camioneta
changan,hunter 1.9l luxury 4x4,camioneta
changan,hunter comfort 2.0t 4x2 mt 2024,camioneta
changan,hunter comfort 2.0t 4x4 mt 2024,camioneta
changan,hunter elite sport 2.0t 4x4 mt 2024,camioneta
changan,hunter luxury 2.0t 4x2 mt 2024,camioneta
changan,md 301 ac esp mt 2024,camioneta
changan,md201 1.2l pick up,camioneta
changan,md201 1.2l pick up ac,camioneta
changan,md201 1.5l xl,camioneta
changan,md201 1.5l xl ac,camioneta
changan,md201 mt 2024,camioneta
changan,md201 xl 1.5l mt 2024,camioneta
changan,ms 201 mt 2024,camioneta
changan,ms 301 plus ac esp 2024,camioneta
changan,ms201 1.2l pick-up,camioneta
changan,ms201 1.2l pick-up plus,camioneta
chevrolet,colorado 2.8l high country 4x4 aut,camioneta
chevrolet,colorado 2.8l ltz 4x4,camioneta
chevrolet,colorado 2.8l ltz 4x4 aut,camioneta
chevrolet,colorado hc at 2.8td 4wd,camioneta
chevrolet,colorado hc at 2.8td 4wd l,camioneta
chevrolet,colorado high country 4x4 at 2024,camioneta
chevrolet,colorado ls 4x2 mt 2024,camioneta
chevrolet,colorado lt 4x4 at 2024,camioneta
chevrolet,colorado lt 4x4 mt 2024,camioneta
chevrolet,colorado lt at 2.8td 4wd m,camioneta
chevrolet,colorado lt mt 2.8td 4wd m,camioneta
chevrolet,colorado ltz 4x4 at 2024,camioneta
chevrolet,colorado ltz at 2.8td 4wd,camioneta
chevrolet,colorado ltz at 2.8td 4wd l,camioneta
chevrolet,colorado z71 4x4 at 2024,camioneta
chevrolet,montana 1.2 t lt mt 2024,camioneta
chevrolet,montana 1.2 t ltz at 2024,camioneta
chevrolet,montana 1.2 t premier at 2024,camioneta
chevrolet,montana 1.2 t premier mt 2024,camioneta
chevrolet,montana 1.2 t rs at 2024,camioneta
chevrolet,silverado 3.0l diesel ltz 4x4,camioneta
chevrolet,silverado 5.3l lt trailboss 4x4,camioneta
chevrolet,silverado 5.3l ltz 4x4,camioneta
chevrolet,silverado cc lt tb 5.3l,camioneta
chevrolet,silverado cc lt tb 5.3l l,camioneta
chevrolet,silverado cc ltz 3.0td,camioneta
chevrolet,silverado cc ltz 5.3l,camioneta
chevrolet,silverado cc ltz 5.3l l,camioneta
chevrolet,silverado hc 3.0 td 4x4 at 2024,camioneta
chevrolet,silverado lt trail boss z71 5.3l v8 4x4 at 2024,camioneta
chevrolet,silverado zr2 6.2l v8 4x4 at 2024,camioneta
dfsk,d1 confort 4x2 mt 2024,camioneta
dfsk,d1 luxury 4x4 at 2024,camioneta
dfsk,d1 luxury 4x4 mt 2024,camioneta
dongfeng,df 212 cs mt 2024,camioneta
fiat,ram 700 slt 1.4 dc mt,camioneta
ford,maverick lariat fx4 hev at 2024,camioneta
ford,maverick xlt 2.0 4x2 at 2024,camioneta
ford,ranger 2.2l tdci xl 4x2,camioneta
ford,ranger 2.2l tdci xl 4x4,camioneta
ford,ranger 2.5l xlt 4x2,camioneta
ford,ranger 3.2l tdci ltd 4x4 aut,camioneta
ford,ranger 3.2l tdci xls 4x4,camioneta
ford,ranger 3.2l tdci xlt 4x2,camioneta
ford,ranger 3.2l tdci xlt 4x4,camioneta
ford,ranger 3.2l tdci xlt 4x4 aut,camioneta
ford,ranger dsl limited 3.0 4x4 at 2024,camioneta
ford,ranger dsl limited 4x4 3.2l at,camioneta
ford,ranger dsl xl 2.0 4x2 mt 2024,camioneta
ford,ranger dsl xl 2.0 4x4 mt 2024,camioneta
ford,ranger dsl xl 4x2 2.2l,camioneta
ford,ranger dsl xl 4x4 2.2l,camioneta
ford,ranger dsl xls 2.0 4x2 mt 2024,camioneta
ford,ranger dsl xls 2.0 4x4 mt 2024,camioneta
ford,ranger dsl xls 4x4 3.2l,camioneta
ford,ranger dsl xlt 2.0 4x2 at 2024,camioneta
ford,ranger dsl xlt 2.0 4x4 at 2024,camioneta
ford,ranger dsl xlt 2.0 4x4 mt 2024,camioneta
ford,ranger dsl xlt 4x2 3.2l,camioneta
ford,ranger dsl xlt 4x4 3.2l,camioneta
ford,ranger dsl xlt 4x4 3.2l at,camioneta
ford,ranger gas limited 2.5l cng,camioneta
ford,ranger gas xlt 2.5l cng,camioneta
foton,g7 lite 4x4 2024,camioneta
foton,g7 ultimate 4x2 2024,camioneta
foton,g7 ultimate 4x4 2024,camioneta
great wall,poer 2.0l deluxe 4x2,camioneta
great wall,poer 2.0l deluxe 4x4,camioneta
great wall,poer 2.0l deluxe plus 4x4 aut,camioneta
great wall,poer 2.0l elite 4x2,camioneta
great wall,poer 2.0l elite 4x4,camioneta
great wall,poer 2.0l elite plus 4x4 aut,camioneta
great wall,poer 4x2 deluxe 2024,camioneta
great wall,poer 4x2 elite 2024,camioneta
great wall,poer 4x2 elite pant 2024,camioneta
great wall,poer 4x4 deluxe 2024,camioneta
great wall,poer 4x4 elite 2024,camioneta
great wall,poer 4x4 elite pant 2024,camioneta
great wall,poer plus 4x2 elite 2024,camioneta
great wall,poer plus 4x4 deluxe 2024,camioneta
great wall,poer plus 4x4 elite 2024,camioneta
great wall,wingle 7 4x2 elite 2024,camioneta
great wall,wingle 7 4x4 elite plus 2024,camioneta
great wall,wingle5 2.2l elite gasolina,camioneta
great wall,wingle7 2.0l deluxe 4x4,camioneta
great wall,wingle7 2.0l elite 4x2,camioneta
great wall,wingle7 2.0l elite 4x4,camioneta
honda,ridgeline rtl 3.5 at 4x4 sensing,camioneta
jac,t6 2.0l comfort 4x2,camioneta
jac,t6 2.0l comfort 4x2 diesel,camioneta
jac,t8 2.0l advance 4x2,camioneta
jac,t8 2.0l advance 4x4,camioneta
jac,t8 2.0l comfort 4x2,camioneta
jac,t8 2.0l comfort 4x4,camioneta
jac,t8 ce comfort 2.0t 4x2 mt 2024,camioneta
jac,t8 ce comfort 2.0t 4x4 mt 2024,camioneta
jac,t8 pro advance 4x4 mt 2024,camioneta
jac,t8 pro luxury 4x2 mt 2024,camioneta
jac,t8 pro luxury 4x4 mt 2024,camioneta
jac,t8 xe advance 2.0t 4x2 mt 2024,camioneta
jac,t8 xe advance 2.0t 4x4 mt 2024,camioneta
jac,x200 2.0l chasis comfort,camioneta
jac,x200 2.0l chasis luxury,camioneta
jac,x200 2.0l pickup comfort,camioneta
jac,x200 2.0l pickup dc,camioneta
jac,x200 2.0l pickup luxury,camioneta
jmc,grand avenue 4x2 at 2024,camioneta
jmc,grand avenue 4x2 mt 2024,camioneta
jmc,grand avenue 4x4 at 2024,camioneta
jmc,grand avenue 4x4 mt 2024,camioneta
jmc,vigus ev at 2024,camioneta
jmc,vigus new plus 4x2 mt 2024,camioneta
jmc,vigus new plus 4x4 mt 2024,camioneta
jmc,vigus new work 4x2 mt 2024,camioneta
jmc,vigus new work 4x4 mt 2024,camioneta
jmc,vigus pro 4x2 at 2024,camioneta
jmc,vigus pro 4x4 at 2024,camioneta
karry,q52 cd 1.6l mt 2024,camioneta
kia,frontier c/c lx 2.5l av ab mt 2024,camioneta
kia,frontier c/c lx 2.5l av mt 2024,camioneta
kia,frontier d/c lx 2.5l av ab mt 2024,camioneta
kia,frontier p/up lx 2.5l av ab mt 2024,camioneta
mahindra,pik up 2.2l dc 4x2 full,camioneta
mahindra,pik up 2.2l dc 4x4 work,camioneta
maxus,c35,camioneta
maxus,c35 carroceria plana,camioneta
maxus,c35 l,camioneta
maxus,c35 l carroceria plana,camioneta
maxus,new v80 fl chasis cabina,camioneta
maxus,new v80 fl chasis carroceria carga general,camioneta
maxus,new v80 fl chassis carroceria plana,camioneta
maxus,t60 2.8l dx 4x2,camioneta
maxus,t60 2.8l dx 4x2 cs,camioneta
maxus,t60 2.8l dx 4x4,camioneta
maxus,t60 2.8l dx 4x4 cs,camioneta
maxus,t60 2.8l gl 4x2,camioneta
maxus,t60 2.8l gl 4x2 aut,camioneta
maxus,t60 2.8l gl 4x4,camioneta
maxus,t60 2.8l glx 4x4 aut,camioneta
maxus,t60 ancap e6 4x4 mt 2024,camioneta
maxus,t60 dx 4x2 mt 2024,camioneta
maxus,t60 dx 4x4 d20,camioneta
maxus,t60 dx e6 4x2 mt 2024,camioneta
maxus,t60 dx e6 4x4 mt 2024,camioneta
maxus,t60 e6 gl 4x2 at 2024,camioneta
maxus,t60 e6 gl 4x2 mt 2024,camioneta
maxus,t60 e6 gl 4x4 mt 2024,camioneta
maxus,t60 e6 glx 4x4 at 2024,camioneta
maxus,t60 gl 4x4 d20,camioneta
maxus,t60 glx 4x4 d20,camioneta
maxus,t60 sc dx e6 4x2 mt 2024,camioneta
maxus,t60 sc dx e6 4x4 mt 2024,camioneta
maxus,t90 e6 4x4 at 2024,camioneta
maxus,t90 e6 4x4 mt 2024,camioneta
maxus,t90 ev 4x2 at 2024,camioneta
mazda,bt-50 core 4x4 at 2024,camioneta
mazda,bt-50 core 4x4 mt 2024,camioneta
mazda,bt-50 high 4x4 at 2024,camioneta
mazda,bt-50 high plus 4x4 at 2024,camioneta
mitsubishi,l 200 dc 4x4 td dakar crs at,camioneta
mitsubishi,l 200 dc 4x4 td dakar crs at hp,camioneta
mitsubishi,l 200 dc 4x4 td dakar crs mt,camioneta
mitsubishi,l 200 dc 4x4 td dakar crs mt hp,camioneta
mitsubishi,l-200 -d/c 4x2 td dakar crs at,camioneta
mitsubishi,l-200 -d/c 4x2 td dakar crs at hp,camioneta
mitsubishi,l-200 -d/c 4x2 td dakar crs mt,camioneta
mitsubishi,l-200 -d/c 4x2 td dakar crs mt hp,camioneta
mitsubishi,l-200 -d/c 4x2 td katana cr,camioneta
mitsubishi,l-200 -d/c 4x2 td katana crm,camioneta
mitsubishi,l-200 -d/c 4x2 td katana crt,camioneta
mitsubishi,l-200 -d/c 4x2 td work cr,camioneta
mitsubishi,l-200 2.4l dakar crs at 4x4,camioneta
mitsubishi,l-200 2.4l dakar crs mt 4x4,camioneta
mitsubishi,l-200 2.4l dakar hp at 4x4,camioneta
mitsubishi,l-200 2.4l dakar hp mt 4x4,camioneta
mitsubishi,l-200 2.4l katana cr 4x2,camioneta
mitsubishi,l-200 2.4l katana crm 4x4,camioneta
mitsubishi,l-200 2.4l katana crt 4x4,camioneta
mitsubishi,l-200 2.4l katana crt 4x4 sc,camioneta
mitsubishi,l-200 2.4l work cr 4x2,camioneta
mitsubishi,l-200 2.4l work cr 4x2 sc,camioneta
mitsubishi,l200 4x2 katana cr,camioneta
mitsubishi,l200 4x2 work cr,camioneta
mitsubishi,l200 4x4 katana crm,camioneta
mitsubishi,l200 4x4 katana crt,camioneta
mitsubishi,l200 d/c td dakar crs 4x4 mt 2024,camioneta
mitsubishi,l200 d/c td katana cr 4x2 mt 2024,camioneta
mitsubishi,l200 d/c td katana crt 4x4 mt 2024,camioneta
mitsubishi,l200 d/c td work cr 4x2 mt 2024,camioneta
mitsubishi,l200 dakar at,camioneta
mitsubishi,l200 dakar at hp,camioneta
mitsubishi,l200 dakar high power at,camioneta
mitsubishi,l200 dakar high power mt,camioneta
mitsubishi,l200 dakar mt,camioneta
mitsubishi,l200 dakar mt hp,camioneta
mitsubishi,l200 katana cr 4x2,camioneta
mitsubishi,l200 katana crm 4x4,camioneta
mitsubishi,l200 katana crt 4x4,camioneta
mitsubishi,l200 katana crt 4x4 sc,camioneta
mitsubishi,l200 work cr 4x2,camioneta
mitsubishi,l200 work cr 4x2 sc,camioneta
nissan,navara cd  le at 4x4,camioneta
nissan,navara cd  pro4x 4x4,camioneta
nissan,navara cd le 4x4 ,camioneta
nissan,navara cd se 4x2,camioneta
nissan,navara cd se 4x4,camioneta
nissan,navara cd xe 4x2,camioneta
nissan,navara cd xe 4x4,camioneta
nissan,navara cs s 4x4,camioneta
nissan,navara dc p4x 2024,camioneta
nissan,navara dc platinum 2.3d 4x4 at 2024,camioneta
nissan,navara dc platinum 2.3d 4x4 mt 2024,camioneta
nissan,navara dc se 2.3d 4x2 mt 2024,camioneta
nissan,navara dc se 2.3d 4x4 mt 2024,camioneta
nissan,navara dc xe 2.3d 4x2 mt 2024,camioneta
nissan,navara dc xe 2.3d 4x4 at 2024,camioneta
nissan,navara dc xe 2.3d 4x4 mt 2024,camioneta
nissan,navara np300 2.3d dc se,camioneta
nissan,navara np300 2.3l le 4x4 dc,camioneta
nissan,navara np300 2.3l le 4x4 dc audio,camioneta
nissan,navara np300 2.3l le 4x4 dc aut,camioneta
nissan,navara np300 2.3l le 4x4 dc aut audio,camioneta
nissan,navara np300 2.3l le 4x4 dc aut – audio,camioneta
nissan,navara np300 2.3l le 4x4 dc mt,camioneta
nissan,navara np300 2.3l le 4x4 dc mt- audio,camioneta
nissan,navara np300 2.3l s 4x4 sc,camioneta
nissan,navara np300 2.3l se 4x2 dc,camioneta
nissan,navara np300 2.3l se 4x4 dc,camioneta
nissan,navara np300 2.3l xe 4x2 dc,camioneta
nissan,navara np300 2.3l xe 4x2 dc audio,camioneta
nissan,navara np300 2.3l xe 4x4 dc,camioneta
nissan,navara np300 2.3l xe 4x4 dc audio,camioneta
nissan,np300 navara d23 dc le 2.3d at 4wd,camioneta
nissan,np300 navara d23 dc le 2.3d at 4wd - audio,camioneta
nissan,np300 navara d23 dc le 2.3d mt 4wd,camioneta
nissan,np300 navara d23 dc le 2.3d mt 4wd - audio,camioneta
nissan,np300 navara d23 dc se 2.3d mt,camioneta
nissan,np300 navara d23 dc se 2.3d mt 4wd,camioneta
nissan,np300 navara d23 dc xe 2.3d mt,camioneta
nissan,np300 navara d23 dc xe 2.3d mt - radio,camioneta
nissan,np300 navara d23 dc xe 2.3d mt 4wd,camioneta
nissan,np300 navara d23 dc xe 2.3d mt 4wd - radio,camioneta
nissan,np300 navara d23 sc s 2.3d mt 4wd,camioneta
nissan,np300 navara dc xe 2.5 mt,camioneta
nissan,np300 navara sc s 2.3d mt,camioneta
nissan,np300 navara sc s 2.3d mt 4wd,camioneta
peugeot,boxer cabina l3 bluehdi 160,camioneta
peugeot,boxer doble cabina l4 bluehdi 160,camioneta
peugeot,landtrek action4 bluehdi 180 4x4 at 2024,camioneta
peugeot,landtrek active bluehdi 180 4x2 mt 2024,camioneta
peugeot,landtrek active bluehdi 180 4x4 at 2024,camioneta
peugeot,landtrek active bluehdi 180 4x4 mt 2024,camioneta
ram,1000 big horn 1.8  at6 lx,camioneta
ram,1000 bighorn lx 1.8 at 2024,camioneta
ram,1000 bighorn night edition 1.8 at 2024,camioneta
ram,1000 laramie 2.0 4x4 at,camioneta
ram,1000 rebel 2.0 4x4 at 2024,camioneta
ram,1500 big horn,camioneta
ram,1500 big horn 3.6l e torque,camioneta
ram,1500 crew cab bighorn 3.6l at 2024,camioneta
ram,1500 crew cab limited 5.7l at 2024,camioneta
ram,1500 crew cab rebel 5.7l at 2024,camioneta
ram,1500 laramie sport,camioneta
ram,1500 limited,camioneta
ram,2500 big horn crew cab 6.7 diesel,camioneta
ram,700 bighorn cd 1.3 cvt at 2024,camioneta
ram,700 bighorn cd 1.3l mt 2024,camioneta
ram,700 laramie cd 1.3 cvt at 2024,camioneta
ram,700 laramie cd 1.3l mt 2024,camioneta
ram,700 longhorn cd 1.3 cvt at 2024,camioneta
ram,700 slt cs 1.3l mt 2024,camioneta
ram,700 slt dc 1.3l mt 2024,camioneta
ram,new ram 1500 crew cab big horn 3.6l e-torque,camioneta
ram,new ram 1500 crew cab laramie 5.7l,camioneta
ram,new ram 1500 crew cab laramie sport 5.7l,camioneta
ram,new ram 1500 crew cab limited  5.7l,camioneta
ram,ram 100 big horn lx,camioneta
ram,ram 100 laramie diesel 4x4,camioneta
ram,ram 1000 big horn,camioneta
ram,ram 1500 quad cab 4x4 3.6l,camioneta
ram,ram 2500 big horn 2500,camioneta
ram,ram 700 big horn,camioneta
ram,ram 700 laramie,camioneta
ram,ram 700 slt cs,camioneta
ram,ram 700 slt dc,camioneta
ram,rampage bighorn 2.0l at 2024,camioneta
ram,rampage laramie 2.0l at 2024,camioneta
ram,rampage r/t 2.0l at 2024,camioneta
renault,oroch 1.6l zen,camioneta
renault,oroch 1.6l zen kit outsider,camioneta
renault,oroch 2.0l intens 4x4,camioneta
renault,oroch intens 1.3 turbo 4x2 at 2024,camioneta
renault,oroch intens 1.3 turbo 4x2 kit at 2024,camioneta
renault,oroch intens 1.3 turbo 4x4 kitmt 2024,camioneta
renault,oroch intens 1.3 turbo 4x4 mt 2024,camioneta
renault,oroch zen 1.6l 4x2 mt 2024,camioneta
ssangyong,all new musso 4wd at full qs723,camioneta
ssangyong,all new musso 4wd at qs722,camioneta
ssangyong,"musso 2,2 4x4 at deluxe",camioneta
ssangyong,musso 4x4 at deluxe full 2.2l,camioneta
ssangyong,musso 4x4 at full 2.2l,camioneta
ssangyong,musso 4x4 mt full 2.2l,camioneta
ssangyong,musso deluxe diesel 2.2l,camioneta
ssangyong,musso full diesel 2.2l,camioneta
ssangyong,musso glx 2.2td 4x4 mt 2024,camioneta
ssangyong,musso grand diesel 2.2l at,camioneta
ssangyong,musso grand full diesel 2.2l,camioneta
ssangyong,musso grand full diesel 2.2l at,camioneta
ssangyong,musso grand full diesel 2.2l mt,camioneta
ssangyong,musso grand full diesel 2.2l mt sc,camioneta
ssangyong,musso grand full diesel 4x4 2.2l,camioneta
ssangyong,musso grand full diesel 4x4 2.2l mt,camioneta
ssangyong,musso grand glx 2.2td 4x2 at 2024,camioneta
ssangyong,musso grand glx 2.2td 4x2 mt 2024,camioneta
ssangyong,musso grand glx 2.2td 4x4 mt 2024,camioneta
ssangyong,musso grand limited 2.2td 4x4 at 2024,camioneta
ssangyong,musso grand limited plus 2.2td 4x4 at 2024,camioneta
ssangyong,musso grand lx 2.2td 4x2 mt 2024,camioneta
ssangyong,musso grand lx 2.2td 4x4 mt 2024,camioneta
ssangyong,musso limited 2.2td 4x4 at 2024,camioneta
ssangyong,musso limited plus 2.2td 4x4 at 2024,camioneta
ssangyong,musso xdi 4x4 2.2l,camioneta
suzuki,carry pick up,camioneta
toyota,4x2 2.4 mt dx,camioneta
toyota,hilux 2.4 4x2 mt sr,camioneta
toyota,hilux 2.4 4x4 dx cabina simple,camioneta
toyota,hilux 2.4 4x4 mt dx,camioneta
toyota,hilux 2.4 4x4 mt sr,camioneta
toyota,hilux 2.4l dx cd 4x2,camioneta
toyota,hilux 2.4l dx cd 4x4,camioneta
toyota,hilux 2.4l dx cs 4x4,camioneta
toyota,hilux 2.4l sr cd 4x2,camioneta
toyota,hilux 2.4l sr cd 4x4,camioneta
toyota,hilux 2.7 4x2 mt dx gasolina,camioneta
toyota,hilux 2.7 4x2 mt sr gasolina,camioneta
toyota,hilux 2.7l dx gasolina cd 4x2,camioneta
toyota,hilux 2.7l sr gasolina cd 4x2,camioneta
toyota,hilux 2.8 4x4 at srv,camioneta
toyota,hilux 2.8 4x4 mt sr,camioneta
toyota,hilux 2.8 4x4 mt sr r,camioneta
toyota,hilux 2.8l sr cd 4x4,camioneta
toyota,hilux 2.8l srv cd 4x4 aut,camioneta
toyota,hilux 4x4 2.8 mt sr,camioneta
toyota,hilux dx 2.4 4x2 mt 2024,camioneta
toyota,hilux dx 2.4 4x4 mt 2024,camioneta
toyota,hilux dx 2.8 4x4 mt 2024,camioneta
toyota,hilux dx cs 2.8 4x4 mt 2024,camioneta
toyota,hilux dx dc 2.4 4x2 mt 2024,camioneta
toyota,hilux dx dc 2.4 4x4 mt 2024,camioneta
toyota,hilux sr 2.4 4x2 mt 2024,camioneta
toyota,hilux sr 2.4 4x4 mt 2024,camioneta
toyota,hilux sr 2.7 4x2 mt 2024,camioneta
toyota,hilux sr 2.8 4x4 mt 2024,camioneta
toyota,hilux sr dc 2.4 4x2 mt 2024,camioneta
toyota,hilux sr dc 2.4 4x4 mt 2024,camioneta
toyota,hilux srv 2.8 4x4 at 2024,camioneta
toyota,tundra 4x4 sr5,camioneta
volkswagen,amarok 2.0l comfortline 4motion,camioneta
volkswagen,amarok 2.0l comfortline 4motion aut,camioneta
volkswagen,amarok 2.0l comfortline 4x2,camioneta
volkswagen,amarok 2.0l highline 4motion aut,camioneta
volkswagen,amarok 2.0l trendline 4motion,camioneta
volkswagen,amarok 2.0l trendline 4x2,camioneta
volkswagen,amarok 3.0l v6,camioneta
volkswagen,nueva amarok comfortline 4motion,camioneta
volkswagen,nueva amarok comfortline 4motion at,camioneta
volkswagen,nueva amarok comfortline 4x2,camioneta
volkswagen,nueva amarok highline 4motion at,camioneta
volkswagen,nueva amarok trendline 4motion,camioneta
volkswagen,nueva amarok trendline 4x2,camioneta
volkswagen,nueva amarok v6 4x4 at,camioneta
volkswagen,nueva saveiro cross,camioneta
volkswagen,saveiro 1.6l cabina simple,camioneta
volkswagen,saveiro 1.6l doble cabina comfortline,camioneta
volkswagen,saveiro cross 1.6l,camioneta
zna,r6 at 2024,camioneta
baic,eu5 ev 2024,sedan
byd,han ev 2024,sedan
byd,qin plus dm 2024,sedan
byd,seal ev 2024,sedan
changan,alsvin 1.4l comfort,sedan
changan,alsvin 1.4l luxury,sedan
changan,alsvin comfort 2024,sedan
changan,alsvin elite at 2024,sedan
changan,alsvin luxury 2024,sedan
chery,arrizo 3 1.5l gls,sedan
chery,arrizo 3 1.5l gls sc,sedan
chery,arrizo 3 1.5l glx,sedan
chery,arrizo 3 gls mt,sedan
chery,arrizo 3 glx mt,sedan
chevrolet,onix 1.0 lt r 2024,sedan
chevrolet,onix 1.0 ltz p2 2024,sedan
chevrolet,onix 1.0 premier r 2024,sedan
chevrolet,onix 1.2 ls p 2024,sedan
chevrolet,onix ii ls 1.2 mt nb,sedan
chevrolet,onix ii lt 1.0t mt nb,sedan
chevrolet,onix ii pr 1.0t at nb,sedan
chevrolet,onix ll ls 1.2 mt nb,sedan
chevrolet,onix ll lt 1.0 t mt nb,sedan
chevrolet,onix ll pr 1.0t at nb,sedan
chevrolet,onix sedan 1.0l lt,sedan
chevrolet,onix sedan 1.2l ls,sedan
chevrolet,sail 1.5l ls abs nb,sedan
chevrolet,sail 1.5l ls nb,sedan
chevrolet,sail 1.5l lt nb,sedan
chevrolet,sail 1.5l lt nb smart,sedan
chevrolet,sail nb 1.5 ls abs l,sedan
chevrolet,sail nb 1.5 lt l smart,sedan
chevrolet,sail nb 1.5l lt 2024,sedan
chevrolet,sail nb 1.5l ltz 2024,sedan
chevrolet,sail nb 1.5l ltz cvt 2024,sedan
citroen,1.5 hdi 100 bvm6 c-elysee feel pack 2024,sedan
citroen,c4 1.5 bluehdi 130 s&s eat8 feel pack 2024,sedan
citroen,c4 1.5 bluehdi 130 s&s eat8 shine 2024,sedan
citroen,new c-elysee 1.2l puretech 82 bvm feel,sedan
citroen,new c-elysee 1.6l hdi 92 bvm feel,sedan
citroen,new c-elysee 1.6l hdi 92 bvm shine,sedan
fiat,argo 1.3 drive,sedan
fiat,argo 1.3 trekking,sedan
honda,city ex 1.5 at,sedan
honda,city ex 1.5 mt,sedan
honda,city lx 1.5 at,sedan
honda,city lx 1.5 mt,sedan
honda,civic sedan ex 2.0 cvt,sedan
honda,civic sedan exl 1.5 t,sedan
hyundai,accent bn7i 1.5 design 2024,sedan
hyundai,accent bn7i 1.5 plus 2024,sedan
hyundai,grand i10 ai3 1.2 design fl 2024,sedan
hyundai,grand i10 ai3 1.2 plus fl 2024,sedan
hyundai,verna 1.4l plus,sedan
kia,ev6 ev gt-line 77.4kwh awd 2024,sedan
kia,soluto ex 1.4l 5mt g srf full 2024,sedan
kia,soluto lx 1.4l 5mt g ll 2024,sedan
mazda,2 1.5l s ipm,sedan
mazda,2 1.5l v aut ipm,sedan
mazda,2 1.5l v ipm,sedan
mazda,3 2.0l s,sedan
mazda,3 2.0l v,sedan
mazda,3 2.0l v aut,sedan
mazda,3 2.5l gtx aut,sedan
mazda,6 2.0l v,sedan
mazda,6 2.5l gtx turbo aut,sedan
mazda,6 sdn v 2.5 6at cuero,sedan
mg,3 at com 2024,sedan
mg,5 1.5l cvt com 2024,sedan
mg,5 1.5l cvt dlx 2024,sedan
mg,5 1.5l mt com 2024,sedan
mg,5 1.5l mt dlx 2024,sedan
mg,6 1.5t mt com 2024,sedan
mg,6 1.5t mt dlx 2024,sedan
mg,gt 1.5l cvt com 2wd 2024,sedan
mg,gt 1.5l mt com 2wd 2024,sedan
mg,gt 1.5t dct dlx 2024,sedan
nissan,leaf,sedan
nissan,leaf 2024,sedan
nissan,new sentra 2.0l advance,sedan
nissan,new sentra 2.0l advance aut,sedan
nissan,new sentra 2.0l advance cvt,sedan
nissan,new sentra 2.0l advance mt,sedan
nissan,new sentra 2.0l exclusive aut,sedan
nissan,new sentra 2.0l exclusive cvt,sedan
nissan,new sentra 2.0l sense,sedan
nissan,new sentra 2.0l sense mt,sedan
nissan,new versa 1.6l advance aut,sedan
nissan,new versa 1.6l advance cvt,sedan
nissan,new versa 1.6l advance mt,sedan
nissan,new versa 1.6l exclusive aut,sedan
nissan,new versa 1.6l exclusive cvt,sedan
nissan,new versa 1.6l sense aut,sedan
nissan,new versa 1.6l sense cvt,sedan
nissan,new versa 1.6l sense cvt radio touch,sedan
nissan,new versa 1.6l sense mt,sedan
nissan,new versa 1.6l sense mt radio touch,sedan
nissan,new versa advance cvt,sedan
nissan,new versa advance mt,sedan
nissan,new versa exclusive cvt,sedan
nissan,new versa sense 1.6,sedan
nissan,new versa sense 1.6 cvt,sedan
nissan,new versa sense cvt,sedan
nissan,new versa sense mt,sedan
nissan,sentra 1.8l advance,sedan
nissan,sentra 1.8l advance aut,sedan
nissan,sentra 1.8l exclusive aut,sedan
nissan,sentra 1.8l sense,sedan
nissan,sentra 2.0l advance,sedan
nissan,sentra 2.0l advance aut,sedan
nissan,sentra 2.0l advance mt,sedan
nissan,sentra 2.0l exclusive aut,sedan
nissan,sentra 2.0l sense,sedan
nissan,sentra 2.0l sense mt,sedan
nissan,sentra advance cvt 2024,sedan
nissan,sentra advance mt 2024,sedan
nissan,sentra exclusive cvt 2024,sedan
nissan,sentra sense mt 2024,sedan
nissan,versa 1.6l advance,sedan
nissan,versa 1.6l advance aut,sedan
nissan,versa 1.6l advance mt,sedan
nissan,versa 1.6l drive mt,sedan
nissan,versa 1.6l exclusive aut,sedan
nissan,versa 1.6l sense,sedan
nissan,versa 1.6l sense aut,sedan
nissan,versa 1.6l sense mt,sedan
nissan,versa advance at (radio touch),sedan
nissan,versa advance cvt 2024,sedan
nissan,versa advance mt (radio touch),sedan
nissan,versa advance mt 2024,sedan
nissan,versa exclusive cvt 2024,sedan
nissan,versa sense at,sedan
nissan,versa sense cvt 2024,sedan
nissan,versa sense mt,sedan
nissan,versa sense mt 2024,sedan
nissan,versa v -drive mt,sedan
nissan,versa v-drive mt,sedan
peugeot,301 1.6l active hdi 92hp,sedan
peugeot,301 1.6l active pack 92hp hdi,sedan
peugeot,301 1.6l allure hdi 92hp,sedan
peugeot,301 1.6l vti active 115hp,sedan
peugeot,301 1.6l vti active pack 115hp aut,sedan
peugeot,301 active hdi 92,sedan
peugeot,301 active pack hdi 92,sedan
peugeot,301 active pack vti 115,sedan
peugeot,301 active pack vti 115 eat6,sedan
peugeot,301 allure hdi 92,sedan
renault,symbol intens tech,sedan
renault,symbol zen,sedan
suzuki,dzire 1.2l gl,sedan
suzuki,dzire 1.2l gl sport,sedan
suzuki,dzire 1.2l gl sport aut,sedan
suzuki,dzire 1.2l glx,sedan
suzuki,dzire 1.2l glx aut,sedan
toyota,camry hv,sedan
toyota,"corolla 1,6 xli mt",sedan
toyota,corolla 1.8 hev,sedan
toyota,corolla 1.8l xei aut,sedan
toyota,corolla 2.0 cvt,sedan
toyota,corolla 2.0 xei cvt,sedan
toyota,corolla seg 1.8 cvt hev,sedan
toyota,corolla seg 1.8 hev 2024,sedan
toyota,corolla xei 2.0 6mt,sedan
toyota,corolla xei 2.0 cvt,sedan
toyota,corolla xei 2.0 mt,sedan
toyota,corolla xli 1.6 6mt,sedan
toyota,prius,sedan
toyota,yaris 1.5 i 2024,sedan
toyota,yaris 1.5l gli,sedan
toyota,yaris 1.5l gli aut,sedan
toyota,yaris 1.5l lei aut,sedan
toyota,yaris 1.5l xli,sedan
toyota,yaris sedan gli e cvt,sedan
toyota,yaris sedan gli e mt,sedan
toyota,yaris sedan lei h cvt,sedan
toyota,yaris sedan lei mt,sedan
toyota,yaris sedan xli c mt,sedan
volkswagen,virtus 1.6l comfortline,sedan
volkswagen,virtus 1.6l comfortline aut,sedan
volkswagen,virtus 1.6l trendline,sedan
volkswagen,voyage 1.6l comfortline,sedan
volkswagen,voyage 1.6l highline,sedan
volkswagen,voyage 1.6l trendline,sedan
baic,bj40p diesel premium 4x4 2024,suv
baic,bj40p gasolina elite 4x2 2024,suv
baic,bj40p gasolina luxury 4x4 2024,suv
baic,x35 1.5t cvt luxury 2024,suv
baic,x35 1.5t mt comfort 2024,suv
baic,x35 1.5t mt elite 2024,suv
baic,x55 e6 1.5t mt comfort 2024,suv
baic,x55 e6 1.5t mt elite 2024,suv
baic,x55 plus comfort 2024,suv
baic,x55 plus elite 2024,suv
baic,x55 plus luxury 2024,suv
byd,song plus dm gl at 2024,suv
byd,song plus dm gs at 2024,suv
byd,yuan plus ev gl at 2024,suv
byd,yuan plus ev gs at 2024,suv
changan,cs15 1.5l comfort,suv
changan,cs15 1.5l comfort connect,suv
changan,cs15 1.5l comfort mt 2024,suv
changan,cs15 1.5l elite,suv
changan,cs15 1.5l elite at 2024,suv
changan,cs15 1.5l elite aut,suv
changan,cs15 1.5l elite mt 2024,suv
changan,cs15 1.5l luxury,suv
changan,cs15 1.5l luxury mt 2024,suv
changan,cs35 1.4l plus elite at 2024,suv
changan,cs35 1.4l plus lux at 2024,suv
changan,cs35 1.6l plus comfort mt 2024,suv
changan,cs35 1.6l plus luxury mt 2024,suv
changan,cs35 plus 1.4l elite,suv
changan,cs35 plus 1.4l luxury,suv
changan,cs35 plus 1.6l comfort,suv
changan,cs35 plus 1.6l luxury,suv
changan,cs55 1.5l comfort,suv
changan,cs55 1.5l comfort mt 2024,suv
changan,cs55 1.5l elite aut,suv
changan,cs55 1.5l luxury,suv
changan,cs55 1.5l luxury at 2024,suv
changan,cs55 1.5l luxury mt 2024,suv
changan,cs55 1.5l plus elite at 2024,suv
changan,cs55 1.5l plus luxury at 2024,suv
changan,cx70 1.5l elite plus turbo aut,suv
changan,cx70 1.5l elite turbo,suv
changan,cx70 1.5l elite turbo aut,suv
changan,cx70 1.6l comfort,suv
changan,cx70 1.6l luxury,suv
changan,cx70 1.6l luxury connect,suv
chery,k60 1.5l gl,suv
chery,k60 1.5l gls,suv
chery,tiggo 2 1.0l pro glx cvt at 2024,suv
chery,tiggo 2 1.0l pro glx mt 2024,suv
chery,tiggo 2 1.5l gl mt,suv
chery,tiggo 2 1.5l gls cvt at 2024,suv
chery,tiggo 2 1.5l gls mt,suv
chery,tiggo 2 1.5l glx mt,suv
chery,tiggo 2 1.5l l,suv
chery,tiggo 2 1.5l pro gls cvt at 2024,suv
chery,tiggo 2 1.5l pro gls mt 2024,suv
chery,tiggo 2 gl mt,suv
chery,tiggo 2 gls mt,suv
chery,tiggo 2 glx mt,suv
chery,tiggo 2 l mt,suv
chery,tiggo 3 1.5l gl mt,suv
chery,tiggo 3 1.5l gls,suv
chery,tiggo 3 1.5l gls mt,suv
chery,tiggo 3 1.5l pro gls cvt at 2024,suv
chery,tiggo 3 1.5l pro glx cvt at 2024,suv
chery,tiggo 3 1.5l pro glx mt 2024,suv
chery,tiggo 3 gls mt,suv
chery,tiggo 7 1.5l pro gls cvt at 2024,suv
chery,tiggo 7 1.5l pro glx cvt at 2024,suv
chery,tiggo 8 1.5l gls mt 2024,suv
chery,tiggo 8 1.5l glx dct at 2024,suv
chery,tiggo 8 1.6l pro glx dct at 2024,suv
chery,tiggo 8 1.6l pro max glx dct at 2024,suv
chery,tiggo 8 2.0l pro max glx awd at 2024,suv
chevrolet,blazer 3.6l rs awd,suv
chevrolet,blazer 3.6l rs awd at 2024,suv
chevrolet,blazer rs 3.6l awd at l,suv
chevrolet,bolt euv at 2024,suv
chevrolet,captiva 1.5l lt,suv
chevrolet,captiva 1.5l lt aut,suv
chevrolet,captiva 1.5l ltz cvt p at 2024,suv
chevrolet,captiva 1.5l ltz p mt 2024,suv
chevrolet,captiva 1.5l premier,suv
chevrolet,captiva 1.5l premier aut,suv
chevrolet,captiva 1.5l premier cvt p at 2024,suv
chevrolet,captiva 1.5l premier p mt 2024,suv
chevrolet,captiva lt 1.5t 2wd mt,suv
chevrolet,captiva lt 1.5t 2wd mt l,suv
chevrolet,captiva lt 1.5t cvt,suv
chevrolet,captiva premier 1.5t 2wd mt,suv
chevrolet,captiva premier 1.5t 2wd mt l,suv
chevrolet,captiva premier 1.5t cvt,suv
chevrolet,groove 1.5l ltz r mt 2024,suv
chevrolet,groove 1.5l premier r mt 2024,suv
chevrolet,groove lt mt,suv
chevrolet,groove premier mt,suv
chevrolet,new suburban 5.3l 4x4,suv
chevrolet,new tahoe 5.3l 4x4,suv
chevrolet,new trailblazer premier at 2.8d 4wd,suv
chevrolet,spin 1.8l activ 7p at 2024,suv
chevrolet,spin 1.8l premier 7p mt 2024,suv
chevrolet,spin ii 1.8l activ at,suv
chevrolet,spin ii 1.8l premier at,suv
chevrolet,spin ii 1.8l premier mt,suv
chevrolet,suburban 5.3 4x4,suv
chevrolet,suburban 5.3l lt 4x4,suv
chevrolet,suburban z71 5.3l 4wd p at 2024,suv
chevrolet,tahoe 5.3 4x4,suv
chevrolet,tahoe 5.3l lt 4x4,suv
chevrolet,tahoe 5.3l premier 4x4,suv
chevrolet,tahoe z71 5.3l at 4wd p at 2024,suv
chevrolet,tracker 1.2 t premier at,suv
chevrolet,tracker 1.2l ls r mt 2024,suv
chevrolet,tracker 1.2l ltz p mt 2024,suv
chevrolet,tracker 1.2l ltz r at 2024,suv
chevrolet,tracker 1.2l premier p3 at 2024,suv
chevrolet,tracker 1.2l premier p4 at 2024,suv
chevrolet,tracker 1.2l rs r at 2024,suv
chevrolet,tracker 1.2t ls mt,suv
chevrolet,tracker 1.2t ltz at,suv
chevrolet,tracker 1.2t ltz mt,suv
chevrolet,tracker premier 1.2t at,suv
chevrolet,trailblazer 2.8l ltz 4x4 aut,suv
chevrolet,trailblazer premier at 2.8d awd l,suv
chevrolet,traverse 3.6l lt,suv
chevrolet,traverse 3.6l lt 4x4,suv
chevrolet,traverse 3.6l lt awd,suv
chevrolet,traverse 3.6l lt awd at 2024,suv
chevrolet,traverse 3.6l lt awd l,suv
chevrolet,traverse 3.6l lt fwd,suv
chevrolet,traverse 3.6l lt fwd l,suv
chevrolet,traverse 3.6l premier 4x4,suv
chevrolet,traverse 3.6l premier awd,suv
chevrolet,traverse 3.6l premier awd at 2024,suv
chevrolet,traverse 3.6l premier awd l,suv
chevrolet,traverse 3.6l rs awd at 2024,suv
citroen,berlingo multispace m 1.6 bluehdi 100 bvm 5 p,suv
citroen,berlingo multispace xl 1.5 bluehdi 130 eat8 7 p,suv
citroen,berlingo multispace xl 1.6 bluehdi 100 bvm 7 p,suv
citroen,c3 aircross 1.2 puretech 110 s&s eat6 feel,suv
citroen,c3 aircross 1.2 puretech 110 s&s eat6 live,suv
citroen,c3 aircross 1.2 puretech 110 s&s eat6 shine,suv
citroen,c3 aircross 1.5 bluehdi 100 s&s bvm6 feel,suv
citroen,c3 aircross 1.5 bluehdi 100 s&s bvm6 live,suv
citroen,c3 aircross 1.5 bluehdi 100 s&s bvm6 origins,suv
citroen,c3 aircross 1.5 bluehdi 100 s&s bvm6 shine,suv
citroen,c5 aircross 1.5 bluehdi 130 s&s aut feel,suv
citroen,c5 aircross 1.5 bluehdi 130 s&s aut live,suv
citroen,c5 aircross 1.5l bluehdi 130 s&s feel at 2024,suv
citroen,c5 aircross 1.5l bluehdi 130 s&s feel pack at 2024,suv
citroen,c5 aircross 1.5l bluehdi 130 s&s shine at 2024,suv
citroen,c5 aircross hybrid 225 shine at 2024,suv
citroen,new c5 aircross 1.5 bluehdi 130 s&s bvm6 live,suv
citroen,new c5 aircross 1.5 bluehdi 130 s&s eat8 feel,suv
citroen,new c5 aircross 1.5 bluehdi 130 s&s eat8 live,suv
citroen,new c5 aircross 1.6 puretech 165 eat6 feel,suv
citroen,new c5 aircross 1.6 puretech 165 eat6 live,suv
citroen,new c5 aircross 2.0 bluehdi 180 s&s eat8 feel,suv
citroen,new c5 aircross 2.0 bluehdi 180 s&s eat8 shine,suv
citroen,new c5 aircross 2.0 bluehdi 180 s&s eat8 shine pack,suv
dfsk,suv 500 1.5 comfort 2024,suv
dfsk,suv 500 1.5 luxury 2024,suv
dfsk,suv 500 1.5 luxury cvt 2024,suv
dfsk,suv 560 1.8 comfort 2r 2024,suv
dfsk,suv 560 1.8l comfort 2024,suv
dfsk,suv 600 comfort 1.5t at 2024,suv
dfsk,suv 600 comfort 1.5t mt 2024,suv
dfsk,suv 600 luxury 1.5t at 2024,suv
exeed,lx 1.5t cvt advanced at 2024,suv
exeed,lx 1.5t cvt unlimited at 2024,suv
exeed,lx 1.5t cvt unlimited awd at 2024,suv
exeed,txl 2.0t dct unlimited at 2024,suv
exeed,txl 2.0t dct unlimited awd at 2024,suv
fiat,fastback audace cvt 1.0l at 2024,suv
fiat,fastback drive cvt 1.0l at 2024,suv
fiat,fastback impetus cvt 1.0l at 2024,suv
fiat,pulse drive cvt 1.3l at 2024,suv
fiat,pulse drive mt 1.3l mt 2024,suv
fiat,pulse impetus 1.0l cvt at 2024,suv
fiat,"qubo dynamic 1,4",suv
fiat,qubo dynamic 1.4,suv
ford,ecosport 1.5l freestyle,suv
ford,ecosport 1.5l se,suv
ford,ecosport 1.5l se aut,suv
ford,ecosport 1.5l se titanium,suv
ford,ecosport 2.0l se titanium aut,suv
ford,ecosport 2.0l storm 4x4 aut,suv
ford,ecosport freestyle 1.5l,suv
ford,ecosport freestyle 1.5l mt,suv
ford,ecosport se 1.5l at,suv
ford,ecosport se 1.5l mt,suv
ford,ecosport storm 2.0 at 4x4,suv
ford,ecosport titanium 1.5l mt,suv
ford,ecosport titanium 2.0l at,suv
ford,edge 2.0l se,suv
ford,edge 2.0l sel,suv
ford,edge 2.0l sel 4x4,suv
ford,edge 2.7l st v6 4x4,suv
ford,edge se ecoboost 2.0l,suv
ford,edge sel ecoboost 2.0l,suv
ford,edge sel ecoboost 2.0l awd,suv
ford,edge st ecoboost 2.7l,suv
ford,escape platinum 2.0l ecoboost awd at 2024,suv
ford,escape platinum 2.5l hev awd at 2024,suv
ford,escape st line 2.5l fhev at 2024,suv
ford,expedition 3.5l limited,suv
ford,expedition 3.5l xlt 4x2,suv
ford,explorer 2.3l limited ecoboost 4x4,suv
ford,explorer xlt 4x4,suv
ford,territory titanium plus 1.5l 4x2,suv
ford,territory trend 1.5 4x2,suv
ford,territory trend 1.5l 4x2 at 2024,suv
gac,emkoo 1.5t gdi ge at 2024,suv
gac,emkoo 1.5t gdi gl at 2024,suv
gac,emzoom 1.5t gb at 2024,suv
gac,emzoom 1.5t gl at 2024,suv
gac,emzoom 1.5t gl r-style at 2024,suv
gac,gs3 power 1.5t at gb at 2024,suv
gac,gs3 power 1.5t at gs at 2024,suv
gac,gs3 power 1.5t mt gb mt 2024,suv
gac,gs3 power 1.5t mt gs mt 2024,suv
gac,gs4 power 1.5t at gb at 2024,suv
gac,gs4 power 1.5t at ge at 2024,suv
gac,gs4 power 1.5t at gl at 2024,suv
gac,gs4 power 1.5t mt gb mt 2024,suv
gac,gs8 2.0t at gl 2wd at 2024,suv
gac,gs8 2.0t at gt 2wd at 2024,suv
gac,gs8 2.0t at gt 4wd at 2024,suv
gac,gs8 2.0t at gx 4wd at 2024,suv
haval,h6 2.0l active,suv
haval,h6 2.0l deluxe,suv
haval,h6 2.0l deluxe awd,suv
haval,h6 2.0l elite,suv
haval,h6 active 2wd at 2024,suv
haval,h6 deluxe 2wd at 2024,suv
haval,h6 deluxe awd at 2024,suv
haval,h6 elite 2wd at 2024,suv
haval,h6 gt deluxe awd at 2024,suv
haval,h6 gt elite 2wd at 2024,suv
haval,h6 hibrida deluxe 2wd at 2024,suv
haval,h6 hidrida elite 2wd at 2024,suv
haval,jolion 1.5l active,suv
haval,jolion 1.5l deluxe aut,suv
haval,jolion 1.5l elite,suv
haval,jolion 1.5l elite aut,suv
haval,jolion active mt 2024,suv
haval,jolion deluxe at 2024,suv
haval,jolion elite at 2024,suv
haval,jolion elite mt 2024,suv
haval,jolion hibrido deluxe 2wd at 2024,suv
haval,jolion hibrido elite 2wd at 2024,suv
honda,new cr-v ex 2.4 4x2 cvt,suv
honda,new cr-v exl-t 1.5 turbo 4x2 cvt,suv
honda,new cr-v touring 1.5 turbo 4x4 cvt,suv
honda,new hr-v ex 1.8 cvt,suv
honda,new hr-v exl 1.8 cvt 4x2,suv
honda,new hr-v exl 1.8 cvt 4x4,suv
honda,new hr-v lx 1.8 cvt,suv
honda,new pilot elite 3.5 at 4x4,suv
honda,new pilot ex 3.5 at 4x2,suv
honda,new pilot touring 3.5 at 4x4,suv
honda,wr-v ex 1.5 cvt,suv
honda,wr-v ex 1.5 mt,suv
honda,wr-v exl 1.5 cvt,suv
honda,wr-v lx 1.5 cvt,suv
honda,wr-v lx 1.5 cvt smart,suv
honda,wr-v lx 1.5 mt,suv
honda,wr-v lx 1.5 mt smart,suv
hyundai,creta grand su2i 2.0 at value 2024,suv
hyundai,creta grand su2i 2.0 mt plus 2024,suv
hyundai,creta su2id 1.5 cvt design 2024,suv
hyundai,creta su2id 1.5 cvt plus 2024,suv
hyundai,creta su2id 1.5 cvt premium 2024,suv
hyundai,creta su2id 1.5 go mt 2024,suv
hyundai,creta su2id 1.5 mt design 2024,suv
hyundai,creta su2id 1.5 mt plus 2024,suv
hyundai,ioniq 5 ne ev awd limited at 2024,suv
hyundai,ioniq 5 ne ev limited at 2024,suv
hyundai,ioniq 5 ne ev premium at 2024,suv
hyundai,kona os ev premium at 2024,suv
hyundai,palisade lx2 3.5 awd premium fl at 2024,suv
hyundai,santa fe mx5 2.5 gdi at design  2024,suv
hyundai,santa fe mx5 2.5 gdi at plus  2024,suv
hyundai,santa fe mx5 2.5t gdi at calligraphy  2024,suv
hyundai,santa fe mx5 2.5t gdi at limited  2024,suv
hyundai,santa fe tm 2.5 value fl at 2024,suv
hyundai,tucson nx4 1.6 at 4wd limited  2024,suv
hyundai,tucson nx4 1.6 at plus  2024,suv
hyundai,tucson nx4 1.6 hev at limited  2024,suv
hyundai,tucson nx4 1.6 hev at value  2024,suv
hyundai,tucson nx4 2.0 4wd at plus  2024,suv
hyundai,tucson nx4 2.0 at plus  2024,suv
hyundai,tucson nx4 2.0 at value  2024,suv
hyundai,tucson nx4 2.0 mt plus  2024,suv
hyundai,venue qx 1.6 at value  2024,suv
hyundai,venue qx 1.6 mt plus  2024,suv
hyundai,venue qx 1.6 mt value  2024,suv
jac,js2 1.5l comfort,suv
jac,js2 1.5l comfort aut,suv
jac,js2 1.5l comfort bicolor,suv
jac,js2 1.5l comfort smart,suv
jac,js2 1.5l luxury,suv
jac,js2 1.5l luxury aut,suv
jac,js2 1.5l luxury bicolor,suv
jac,js2 comfort mt 2024,suv
jac,js2 luxury cvt at 2024,suv
jac,js2 luxury mt 2024,suv
jac,js3 1.6l advance,suv
jac,js3 1.6l advance aut,suv
jac,js3 1.6l comfort,suv
jac,js3 1.6l luxury,suv
jac,js3 1.6l luxury aut,suv
jac,js3 se luxury 1.6 mt 2024,suv
jac,js3 xe advance 1.6 cvt at 2024,suv
jac,js3 xe advance 1.6 mt 2024,suv
jac,js3 xe luxury 1.6 cvt at 2024,suv
jac,js4 1.5l advance aut,suv
jac,js4 1.5l advance bicolor aut,suv
jac,js4 1.5l luxury,suv
jac,js4 1.5l luxury aut,suv
jac,js4 1.5l luxury bicolor,suv
jac,js4 1.5l luxury bicolor aut,suv
jac,js4 1.6l comfort,suv
jac,js4 1.6l comfort bicolor,suv
jac,js4 advance 1.5t at 2024,suv
jac,js4 advance bicolor 1.5t at 2024,suv
jac,js4 comfort 1.6 mt 2024,suv
jac,js4 comfort bicolor 1.6 mt 2024,suv
jac,js4 luxury 1.5t cvt at 2024,suv
jac,js4 luxury 1.5t mt 2024,suv
jac,js4 luxury bicolor 1.5t cvt at 2024,suv
jac,js4 luxury bicolor 1.5t mt 2024,suv
jac,js6 advance dct at 2024,suv
jac,js6 comfort dct at 2024,suv
jac,js6 luxury dct at 2024,suv
jac,js8 advance xe dct at 2024,suv
jac,js8 comfort ce mt 2024,suv
jac,js8 luxury se dct at 2024,suv
jac,js8 luxury se mt 2024,suv
jac,s3 1.6l advance,suv
jac,s3 1.6l comfort,suv
jac,s3 1.6l comfort smart,suv
jac,s3 1.6l comfort smart aut,suv
jac,s3 1.6l luxury,suv
jeep,all new compass sport 4x2,suv
jeep,all new compass sport 4x2 at,suv
jeep,commander limited 1.3 4x2 at 2024,suv
jeep,commander limited 2.0 4x4 at 2024,suv
jeep,commander limited 2.0 g 4x4 at 2024,suv
jeep,commander overland 1.3 4x2 at at 2024,suv
jeep,commander overland 2.0 g 4x4 at at 2024,suv
jeep,compass 2.4l sport,suv
jeep,compass 2.4l sport aut,suv
jeep,compass 2.4l sport lx,suv
jeep,compass limited 4x2 at 2024,suv
jeep,compass longitude 4x2 at 2024,suv
jeep,compass sport 4x2 at 2024,suv
jeep,gran cherokee laredo 4x4 3.6l v6,suv
jeep,gran cherokee limited 4x4 3.6l,suv
jeep,gran cherokee srt8 6.4l,suv
jeep,grand cherokee 3.0l limited td 4x4 aut,suv
jeep,grand cherokee 3.6l laredo 4x2 aut,suv
jeep,grand cherokee 3.6l laredo 4x4 aut,suv
jeep,grand cherokee 3.6l limited lx 4x4 aut,suv
jeep,grand cherokee 3.6l limited x 4x4 aut,suv
jeep,grand cherokee 6.4l srt8 4x4 aut,suv
jeep,grand cherokee l summit 3.6l 3row at 2024,suv
jeep,grand cherokee laredo 4x2 3.6l,suv
jeep,"grand cherokee limited 4x4 3,0l td",suv
jeep,renegade 1.8l sport lx,suv
jeep,renegade 1.8l sport lx aut,suv
jeep,renegade longitude 1.3 at 2024,suv
jeep,renegade longitude x 1.3 at 2024,suv
jeep,renegade sport 1.3 at 2024,suv
jeep,renegade sport 4x2 lx,suv
jeep,renegade sport 4x2 lx at,suv
jeep,wrangler 3.6l sport,suv
jeep,wrangler 3.6l unlimited rubicon,suv
jeep,wrangler 3.6l unlimited sport,suv
jeep,wrangler sport,suv
jeep,wrangler unlimited rubicon 3.6l at 2024,suv
jeep,wrangler unlimited sport,suv
jetour,dashing 1.5l turbo lux mt 2024,suv
jetour,dashing 6dct 1.5l turbo lux at 2024,suv
jetour,dashing 7dct 1.6l turbo gdi limited at 2024,suv
jetour,x70 1.5t lux at 2024,suv
jetour,x70 1.5t lux mt 2024,suv
jetour,x70 1.5t std at 2024,suv
jetour,x70 1.5t std mt 2024,suv
jetour,x70 plus 1.5t 6dct at 2024,suv
jetour,x70 plus 1.6t 7dct at 2024,suv
jetour,x90 plus 2.0t gdi 7dct at 2024,suv
kaiyi,kyx3 5mt lux mt 2024,suv
kaiyi,kyx3 5mt std mt 2024,suv
kaiyi,kyx3 cvt lux at 2024,suv
kaiyi,kyx3 pro 1.5t cvt at 2024,suv
kia,carens ex 1.4l 7dct turbo-gdi 7p 2024,suv
kia,carens ex 1.4l 7dct turbo-gdi full 7p 2024,suv
kia,carens lx 1.5l 6mt 7p 2024,suv
kia,niro ev ex 64.8kwh 2wd full 2024,suv
kia,niro ev lx 64.8kwh 2wd 2024,suv
kia,niro ev6 gt-line 77.4kwh awd 2024,suv
kia,niro ev9 gt-line 99.8kwh awd 6p1 2024,suv
kia,niro ev9 gt-line 99.8kwh awd 6p2 2024,suv
kia,niro ev9 gt-line 99.8kwh awd 6p3 2024,suv
kia,niro ev9 gt-line 99.8kwh awd 7p 2024,suv
kia,seltos ex 1.4l 7dct turbo 2024,suv
kia,seltos ex 1.4l 7dct turbo full 2024,suv
kia,seltos ex 1.5l 6mt 2024,suv
kia,seltos ex 1.5l ivt 2024,suv
kia,sonet ex 1.5l 6mt ac ri 2024,suv
kia,sonet ex 1.5l 6mt ri full 2024,suv
kia,sonet ex 1.5l ivt acc plus 2024,suv
kia,sonet ex 1.5l ivt full 2024,suv
kia,sonet ex 1.5l ivt ir full 2024,suv
kia,sorento ex 2.2l dsl 8dct 2wd 2024,suv
kia,sorento ex 2.5l gsl 6at 2wd 2024,suv
kia,sorento ex 2.5l gsl 6at 2wd full 2024,suv
kia,sorento ex 2.5l gsl 6at awd full 2024,suv
kia,sportage ex 1.6l turbo-gdi 7dct gsl awd 2024,suv
kia,sportage ex 2.0l 6at gsl 2024,suv
kia,sportage ex 2.0l 6at gsl bs 2024,suv
kia,sportage ex 2.0l 6mt gsl 2024,suv
kia,sportage ex 2.0l 8at dsl awd 2024,suv
kia,sportage ex 2.0l 8at dsl bs 2024,suv
kia,sprotage ex 2.0l 6at gsl awd 2024,suv
kia,sprotage ex 2.0l 8at dsl 2024,suv
mahindra,xuv300 mt comfort 2024,suv
mahindra,xuv300 mt elite 2024,suv
mahindra,xuv300 mt luxury 2024,suv
maxus,d60 elite 7dct 4x2 at 2024,suv
maxus,d60 luxury 7dct 4x2 at 2024,suv
maxus,d90 elite 4x4 at 2024,suv
maxus,d90 flagship 4x4 at 2024,suv
maxus,d90 luxury 4x4 at 2024,suv
maxus,euniq 6 at 2024,suv
maxus,g90 elite at 2024,suv
maxus,g90 luxury at 2024,suv
mazda,cx-3 2.0l r 2wd aut,suv
mazda,cx-3 2.0l r awd,suv
mazda,cx-3 2.0l r awd aut,suv
mazda,cx-30 2.0l gtx aut,suv
mazda,cx-30 2.0l gtx awd aut,suv
mazda,cx-30 2.0l s,suv
mazda,cx-30 2.0l s aut,suv
mazda,cx-30 2.0l v,suv
mazda,cx-30 2.0l v aut,suv
mazda,cx-30 2.0l v aut awd,suv
mazda,cx-30 2.5l gtx awd aut,suv
mazda,cx-5 2.0l gt awd aut ipm,suv
mazda,cx-5 2.0l r 2wd aut ipm,suv
mazda,cx-5 2.0l r 2wd ipm,suv
mazda,cx-5 2.0l r awd aut ipm,suv
mazda,cx-5 2.0l r awd ipm,suv
mazda,cx-5 2.2l gt diesel awd aut ipm,suv
mazda,cx-5 2.5l gt awd aut ipm,suv
mazda,cx-5 2.5l gtx turbo plus ipm,suv
mazda,cx-9 2.5l gtx awd turbo ipm,suv
mazda,cx-9 2.5l gtx awd turbo plus ipm,suv
mazda,cx-9 2.5l r 2wd turbo ipm,suv
mg,3 1.5 std at 2024,suv
mg,hs 1.5t com 2024,suv
mg,hs 1.5t dct dlx 2024,suv
mg,hs 1.5t dct trophy 2024,suv
mg,marvel r dlx at 2024,suv
mg,mg zs 1.5l com at 2024,suv
mg,mg zs 1.5l std at 2024,suv
mg,one 1.5t cvt com 2024,suv
mg,one 1.5t cvt dlx 2024,suv
mg,rx5 1.5t com 2024,suv
mg,rx5 1.5t dct com 2024,suv
mg,rx5 1.5t dct dlx 2024,suv
mg,zs 1.5l com 2024,suv
mg,zs 1.5l std 2024,suv
mg,zs ev dlx at 2024,suv
mg,zx 1.3t at 6 trophy 2024,suv
mg,zx 1.5l com 2024,suv
mg,zx 1.5l cvt dlx 2024,suv
mg,zx 1.5l dlx 2024,suv
mitsubishi,asx 1.6 mt entry,suv
mitsubishi,asx 1.6l gl 4x2,suv
mitsubishi,asx 1.6l gl 4x2 mt 2024,suv
mitsubishi,asx 1.6l gls 4x2,suv
mitsubishi,asx 1.6l gls 4x2 mt 2024,suv
mitsubishi,asx 2.0 4x4 at,suv
mitsubishi,asx 2.0l gls 4x2 at 2024,suv
mitsubishi,asx 2.0l gls aut 4x4,suv
mitsubishi,asx 4x2 mt,suv
mitsubishi,asx 4x4 at,suv
mitsubishi,eclipse cross 1.5 4x2 at rs,suv
mitsubishi,eclipse cross 1.5 4x2 at rx,suv
mitsubishi,eclipse cross 1.5 rs 4x2 aut,suv
mitsubishi,eclipse cross 1.5 rs 4x4 aut,suv
mitsubishi,eclipse cross 1.5 rx 4x2 aut,suv
mitsubishi,eclipse cross 1.5 rx 4x2 mt,suv
mitsubishi,eclipse cross 1.5l rs 4x2 aut,suv
mitsubishi,eclipse cross 1.5l rs 4x4 aut,suv
mitsubishi,eclipse cross 1.5l rx 4x2,suv
mitsubishi,eclipse cross 1.5l rx 4x2 aut,suv
mitsubishi,eclipse cross rs 1.5 4x2 at at 2024,suv
mitsubishi,eclipse cross rx 1.5 4x2 at at 2024,suv
mitsubishi,montero sport 2.4 2wd at,suv
mitsubishi,montero sport 2.4 2wd mt,suv
mitsubishi,montero sport 2.4 4wd at,suv
mitsubishi,montero sport 2.4 4wd limited,suv
mitsubishi,montero sport 2.4 4wd mt,suv
mitsubishi,montero sport 2.4 4x2 at,suv
mitsubishi,montero sport 2.4 4x2 mt,suv
mitsubishi,montero sport 2.4 4x4 at,suv
mitsubishi,montero sport 2.4 4x4 mt,suv
mitsubishi,montero sport 2.4 limited 4x4 at,suv
mitsubishi,montero sport 3.0 2wd at 2024,suv
mitsubishi,montero sport 3.0 4wd at 2024,suv
mitsubishi,montero sport 3.0 4wd limited at 2024,suv
mitsubishi,outlander 2.0l at 4x2,suv
mitsubishi,outlander 2.0l mt 4x2,suv
mitsubishi,outlander 2.4l gl 4x2,suv
mitsubishi,outlander 2.4l gl 4x2 aut,suv
mitsubishi,outlander 2.4l gls 4x4 aut,suv
mitsubishi,outlander 2.4l glx 4x4 aut,suv
mitsubishi,outlander 4x2 at,suv
mitsubishi,outlander 4x2 gl 4x2 at 2024,suv
mitsubishi,outlander 4x2 mt,suv
mitsubishi,outlander 4x4 gls,suv
mitsubishi,outlander 4x4 gls at,suv
mitsubishi,outlander 4x4 glx,suv
mitsubishi,outlander 4x4 glx 6at,suv
mitsubishi,outlander gls 4x4 at 2024,suv
mitsubishi,outlander gls limited 4x4 at 2024,suv
mitsubishi,outlander glx 4x2 at 2024,suv
mitsubishi,outlander phev,suv
mitsubishi,xpander cross at 2024,suv
mitsubishi,xpander gl mt 2024,suv
mitsubishi,xpander glx at 2024,suv
nissan,kicks 1.6l advance aut,suv
nissan,kicks 1.6l advance cvt,suv
nissan,kicks 1.6l advance mt,suv
nissan,kicks 1.6l exclusive aut,suv
nissan,kicks 1.6l rock edition,suv
nissan,kicks 1.6l sense,suv
nissan,kicks 1.6l sense mt,suv
nissan,kicks advance 1.6l mt colors,suv
nissan,kicks advance cvt 2024,suv
nissan,kicks advance mt 2024,suv
nissan,kicks exclusive cvt 2024,suv
nissan,kicks sense mt 2024,suv
nissan,murano 3.5l advance aut,suv
nissan,murano 3.5l exclusive aut,suv
nissan,new qashqai mc 2.0l advance cvt,suv
nissan,new qashqai mc 2.0l advance mt,suv
nissan,new qashqai mc 2.0l exclusive cvt 4wd,suv
nissan,new qashqai mc 2.0l sense mt,suv
nissan,nueva mc -qashqai 2.0l exclusive cvt 4x4,suv
nissan,nueva mc- qashqai 2.0l advance cvt,suv
nissan,nueva mc- qashqai 2.0l advance mt,suv
nissan,nueva mc- qashqai 2.0l sense mt,suv
nissan,nueva pathfinder advance 3.5l cvt 4x2,suv
nissan,nueva pathfinder advance 3.5l cvt 4x4,suv
nissan,nueva pathfinder exclusive 3.5l cvt 4x4,suv
nissan,nueva pathfinder sense 3.5l 4x2 cvt,suv
nissan,nueva x-trail 2.5l advance cvt 3filas -multimedia,suv
nissan,nueva x-trail 2.5l exclusive cvt 3filas 4x4 – multimedia,suv
nissan,nueva x-trail 2.5l sense cvt -multimedia,suv
nissan,nueva x-trail 2.5l sense cvt 2wd -multimedia,suv
nissan,nueva x-trail 2.5l sense cvt 4wd -multimedia,suv
nissan,pathfinder 3.5l advance 4x2,suv
nissan,pathfinder 3.5l advance 4x4,suv
nissan,pathfinder 3.5l exclusive 4x4,suv
nissan,pathfinder 3.5l sense 4x2,suv
nissan,pathfinder advance 3.5l cvt,suv
nissan,pathfinder advance 3.5l cvt 4wd,suv
nissan,pathfinder advance at 2wd 2024,suv
nissan,pathfinder advance at 4wd 2024,suv
nissan,pathfinder exclusive 3.5l cvt 4wd,suv
nissan,pathfinder exclusive at 4wd 2024,suv
nissan,pathfinder sense 3.5l cvt,suv
nissan,pathfinder sense at 2wd 2024,suv
nissan,qashqai 2.0l advance,suv
nissan,qashqai 2.0l advance aut,suv
nissan,qashqai 2.0l advance aut mc,suv
nissan,qashqai 2.0l advance aut rm,suv
nissan,qashqai 2.0l advance cvt – multimedia,suv
nissan,qashqai 2.0l advance mc,suv
nissan,qashqai 2.0l advance mt – multimedia,suv
nissan,qashqai 2.0l advance rm,suv
nissan,qashqai 2.0l exclusive aut 4x4,suv
nissan,qashqai 2.0l exclusive aut 4x4 mc,suv
nissan,qashqai 2.0l exclusive aut 4x4 rm,suv
nissan,qashqai 2.0l exclusive cvt 4x4 – multimedia,suv
nissan,qashqai 2.0l sense,suv
nissan,qashqai 2.0l sense mc,suv
nissan,qashqai 2.0l sense mt – multimedia,suv
nissan,qashqai 2.0l sense rm,suv
nissan,qashqai advance cvt 2024,suv
nissan,qashqai advance cvt plus 2024,suv
nissan,qashqai advance mt 2024,suv
nissan,qashqai exclusive cvt 4wd 2024,suv
nissan,qashqai sense mt 2024,suv
nissan,x-trail 2.5l advance aut 3filas,suv
nissan,x-trail 2.5l exclusive aut 3filas 4x4,suv
nissan,x-trail 2.5l sense aut 2 filas,suv
nissan,x-trail 2.5l sense aut 2 filas 4wd,suv
nissan,x-trail 2.5l sense aut 2 filas 4x4,suv
nissan,x-trail 2.5l sense aut 2filas,suv
nissan,x-trail 2.5l sense aut 3 filas,suv
nissan,x-trail 2.5l sense aut 3filas,suv
nissan,x-trail 2.5l sense aut 4wd,suv
nissan,x-trail advance 3 row awd e-power 2024,suv
nissan,x-trail advance cvt,suv
nissan,x-trail advance cvt 3row 2024,suv
nissan,x-trail exclusive 3 row awd e-power 2024,suv
nissan,x-trail exclusive cvt 3row - awd 2024,suv
nissan,x-trail exclusive cvt 4wd,suv
nissan,x-trail semse cvt 3row 2024,suv
nissan,x-trail sense 2 row 4x2,suv
nissan,x-trail sense 2 row 4x4,suv
nissan,x-trail sense 2row 4x2,suv
nissan,x-trail sense 2row 4x4,suv
nissan,x-trail sense cvt,suv
nissan,x-trail sense cvt 2row 2024,suv
opel,crossland edition 1.2t at6 e6.4 2024,suv
opel,crossland edition 1.2t mt6 2024,suv
opel,crossland x 1.2l enjoy aut,suv
opel,crossland x 1.2l innovation aut,suv
opel,crossland x 1.5l td enjoy,suv
opel,grandland grandland gs 1.2t at8 2024,suv
opel,grandland grandland gs 1.2t mt6 2024,suv
opel,grandland grandland gs 1.5td at8 2024,suv
opel,grandland grandland ultimate 1.2t at8 2024,suv
opel,grandland x 1.2l dynamic mt,suv
opel,grandland x 1.6l innovation aut,suv
opel,grandland x 1.6l td limited aut,suv
opel,"grandland x dynamic 1,2 mt",suv
opel,"grandland x dynamic 1,5 td at8",suv
opel,grandland x dynamic 1.2t mt6,suv
opel,grandland x dynamic 1.5td at8,suv
opel,grandland x dynamic 1.6t at,suv
opel,grandland x innovation 1.6t at,suv
opel,grandland x innovation 2.0 td at8,suv
opel,grandland x innovation 2.0td at8,suv
opel,mokka 1.2 elegance 130hp mt6 e6.4 2024,suv
opel,mokka 1.2t elegance 130hp at8 2024,suv
opel,mokka 1.2t gs line 130hp at8 2024,suv
opel,mokka 1.5td elegance 110hp mt6 2024,suv
peugeot,2008 1.2 active pack puretech 130hp 2024,suv
peugeot,2008 1.2 alture pack puretech 130hp 2024,suv
peugeot,2008 1.5 alture pack bluehdi 130hp eat8 2024,suv
peugeot,2008 electrico 136hp 2024,suv
peugeot,3008 1.2 active puretech 130 hp mt,suv
peugeot,3008 1.5 allure bluehdi 130 eat6,suv
peugeot,3008 1.5l active bluehdi 130hp,suv
peugeot,3008 1.5l allure bluehdi 130hp aut8,suv
peugeot,3008 1.5l gt-line bluehdi 130hp aut,suv
peugeot,3008 1.6 gt-line puretech 180 eat8,suv
peugeot,3008 active bluehdi 130,suv
peugeot,3008 active pack 1.2 puretech 130hp 2024,suv
peugeot,3008 active puretech 130,suv
peugeot,3008 allure bluehdi 130 eat6,suv
peugeot,3008 allure thp 165 eat6,suv
peugeot,3008 alture 1.5 bluehdi 130hp eat8 2024,suv
peugeot,3008 alture pack 1.6 thp 1650hp eat6 2024,suv
peugeot,3008 gt 1.5 bluehdi 130hp eat8 2024,suv
peugeot,3008 gt 1.6 puretech 180hp eat8 2024,suv
peugeot,3008 gt bluehdi 130 eat8,suv
peugeot,3008 gt bluehdi 180 eat8,suv
peugeot,3008 gt-line bluehdi 130 eat8,suv
peugeot,3008 gt-line puretech 180 eat8,suv
peugeot,3008 hybrid4 300 eeat8 2024,suv
peugeot,5008 1.5 alture bluehdi 130hp eat8 2024,suv
peugeot,5008 1.5 gt bluehdi 130hp eat8 2024,suv
peugeot,5008 1.5l active bluehdi 130hp aut8,suv
peugeot,5008 1.5l allure bluehdi 130hp aut8,suv
peugeot,5008 1.5l gt-line bluehdi 130hp aut8,suv
peugeot,5008 1.6 alturethp 165hp eat6 2024,suv
peugeot,5008 1.6 gt puretech 180hp eat8 2024,suv
peugeot,5008 allure bluehdi 130 eat6,suv
peugeot,5008 allure thp 165 eat6,suv
peugeot,5008 gt black pack bluehdi 130 eat8 2024,suv
peugeot,5008 gt black pack puretech 180 eat8 2024,suv
peugeot,5008 gt bluehdi 180 eat8,suv
peugeot,5008 gt-line bluehdi 130 eat8,suv
peugeot,5008 gt-line puretech 180 eat8,suv
peugeot,nuevo 2008 active bluehdi 100,suv
peugeot,nuevo 2008 active puretech 130,suv
peugeot,nuevo 2008 allure puretech 130 eat8,suv
peugeot,nuevo 2008 gt-line bluehdi 130 eat8,suv
peugeot,rifter allure bluehdi 100,suv
peugeot,rifter allure bluehdi 130 eat8,suv
peugeot,rifter allure puretech 130 eat8,suv
peugeot,rifter alure bluehdi 100 mt 2024,suv
peugeot,rifter alure bluehdi 130 at 2024,suv
peugeot,rifter alure puretech 130 at 2024,suv
peugeot, rifter allure bluehdi 100 ,suv
peugeot, rifter allure bluehdi 130 eat8 ,suv
peugeot, rifter allure puretech 130 eat8,suv
renault,arkana life,suv
renault,arkana zen,suv
renault,new duster 1.6l life,suv
renault,new duster 1.6l zen,suv
ssangyong,korando glx 1.5t 6at 2wd 6ab at 2024,suv
ssangyong,korando glx 1.5t 6mt 2wd 6ab mt 2024,suv
ssangyong,korando glx 1.6td 6at 2wd 6ab at 2024,suv
ssangyong,korando glx 1.6td 6mt 2wd 6ab mt 2024,suv
ssangyong,korando limited 1.5t 6at 2wd 6ab at 2024,suv
ssangyong,korando lx 1.5t 6mt 2wd mt 2024,suv
ssangyong,new rexton yrx100 2wd mt,suv
ssangyong,new rexton yrx111 2wd at,suv
ssangyong,new rexton yrx201 2wd at,suv
ssangyong,new rexton yrx211 4wd at,suv
ssangyong,new rexton yrx212 4wd at,suv
ssangyong,rexton glx 2.2td 2wd 6ab at 2024,suv
ssangyong,rexton glx 2.2td 2wd 6ab mt 2024,suv
ssangyong,rexton glx 2.2td 8at 4wd 6ab at 2024,suv
ssangyong,rexton lx 2.0t 6at 4wd 6ab at 2024,suv
ssangyong,rexton lx 2.0t 6mt 2wd 6ab mt 2024,suv
ssangyong,rexton lx 2.2td 8at 2wd 2ab at 2024,suv
ssangyong,rexton lx 2.2td 8at 2wd 2ab mt 2024,suv
ssangyong,tivoli glx 1.6 6mt 2wd mt 2024,suv
ssangyong,tivoli limited 1.6 6at 2wd 6 ab at 2024,suv
ssangyong,tivoli lx 1.6 6mt 2wd mt 2024,suv
ssangyong,tivoli tv1010,suv
ssangyong,tivoli tv1011,suv
ssangyong,tivoli tv1111,suv
ssangyong,torres glx 1.5t 2wd at 2024,suv
ssangyong,torres glx 1.5t 2wd mt 2024,suv
ssangyong,torres glx 1.5t 4wd at 2024,suv
ssangyong,torres limited plus 1.5t 4wd bitono at 2024,suv
ssangyong,torres limited plus 1.5t 4wd sunroof at 2024,suv
subaru,crosstrek 2.0i awd cvt at 2024,suv
subaru,crosstrek 2.0i awd cvt dynamic eyesigh at 2024,suv
subaru,crosstrek 2.0i awd cvt touring eyesigh at 2024,suv
suzuki,jimny 1.5l glx aut,suv
suzuki,s-cross 1.4l limited 4x4 boosterjet,suv
suzuki,s-cross 1.6l gl,suv
suzuki,s-cross 1.6l gl aut,suv
suzuki,s-cross 1.6l glx,suv
suzuki,s-cross 1.6l glx 4x4,suv
suzuki,s-cross 1.6l glx aut,suv
suzuki,vitara 1.4l limited boosterjet awd,suv
suzuki,vitara 1.6l gls,suv
suzuki,vitara 1.6l gls awd,suv
suzuki,vitara 1.6l glx,suv
suzuki,vitara 1.6l glx aut,suv
suzuki,vitara 1.6l glx awd,suv
suzuki,vitara 1.6l limited awd,suv
suzuki,xl7 1.4l gl,suv
suzuki,xl7 1.4l glx,suv
suzuki,xl7 1.4l glx aut,suv
toyota,4runner 4.0l 4x2 sr5,suv
toyota,4runner 4.0l 4x4 limited,suv
toyota,4runner 4.0l 4x4 sr5,suv
toyota,4runner 4x2 sr5 control volante,suv
toyota,4runner 4x2 sr5 control volante *nueva,suv
toyota,4runner 4x4 limited *nueva,suv
toyota,4runner 4x4 sr5 control volante * nueva,suv
toyota,4runner limited 4x4 at 2024,suv
toyota,4runner sr5 4x2 at 2024,suv
toyota,4runner sr5 4x4 at 2024,suv
toyota,c-hr luxury 1.8 4x2 cvt hv,suv
toyota,corolla cross 1.8 seg cvt hv hibrido,suv
toyota,corolla cross 1.8 xei cvt hv hibrido,suv
toyota,corolla cross hev seg 1.8 hev at 2024,suv
toyota,corolla cross hev xei 1.8 hev at 2024,suv
toyota,fortuner 2.7l sr5 4x2,suv
toyota,fortuner 2.7l srx 4x2,suv
toyota,fortuner 2.7l srx 4x4,suv
toyota,fortuner 2.8l mt tdi 4x4,suv
toyota,fortuner 2.8l tdi sr5 4x4,suv
toyota,fortuner 2.8l tdi srx 4x4,suv
toyota,fortuner sr5 4x2 2.7l,suv
toyota,fortuner sr5 4x2 2.7l at 2024,suv
toyota,fortuner sr5 4x4 mt tdi 2.8l,suv
toyota,fortuner sr5 4x4 tdi 2.8 at 2024,suv
toyota,fortuner sr5 4x4 tdi 2.8 mt 2024,suv
toyota,fortuner sr5 4x4 tdi 2.8l,suv
toyota,fortuner srv 4x2 2.7l,suv
toyota,fortuner srx 4x2 2.7l,suv
toyota,fortuner srx 4x4 2.7l,suv
toyota,fortuner srx 4x4 tdi 2.8 at 2024,suv
toyota,fortuner srx 4x4 tdi 2.8l,suv
toyota,land cruiser prado 2.7l tx-l 3p,suv
toyota,land cruiser prado 3d tx-l,suv
toyota,land cruiser prado 4.0l vx 4wd aut,suv
toyota,land cruiser prado 4.0l vx-l limited 4wd aut,suv
toyota,land cruiser prado 5d vx,suv
toyota,land cruiser prado vx-l limited,suv
toyota,raize 1.2 cvt gas e mt 2024,suv
toyota,raize 1.2 mt gas mt 2024,suv
toyota,rav 4 limited 2.5 4x4 cvt hv,suv
toyota,rav4 2.0l le,suv
toyota,rav4 2.0l le 4x4,suv
toyota,rav4 2.0l le aut,suv
toyota,rav4 2.0l xle aut,suv
toyota,rav4 2.5l adventure 4x4 aut,suv
toyota,rav4 2.5l xle 4x4 aut,suv
toyota,rav4 2.5l xle aut,suv
toyota,rav4 adventure 2.5 4x4 at,suv
toyota,rav4 hibrido 2.5l le aut,suv
toyota,rav4 hibrido 2.5l limited 4x4 aut,suv
toyota,rav4 hibrido 2.5l xle aut,suv
toyota,rav4 le 2.0 4x2 cvt,suv
toyota,rav4 le 2.0 4x2 cvt at 2024,suv
toyota,rav4 le 2.0 4x2 mt,suv
toyota,rav4 le 2.0 4x2 mt 2024,suv
toyota,rav4 le 2.0 4x4 mt,suv
toyota,rav4 le 2.0 4x4 mt 2024,suv
toyota,rav4 le 2.5 4x2 cvt hv,suv
toyota,rav4 limited 2.5 hv cvt 4x4 at 2024,suv
toyota,rav4 new xle 2.0 4x2 cvt,suv
toyota,rav4 xle 2.0 4x2 cvt,suv
toyota,rav4 xle 2.0 4x2 cvt at 2024,suv
toyota,rav4 xle 2.5 4x2 at,suv
toyota,rav4 xle 2.5 4x2 cvt hv,suv
toyota,rav4 xle 2.5 4x2 cvt hv at 2024,suv
toyota,rav4 xle 2.5 4x4 at,suv
toyota,rav4 xse 2.5 4x2 cvt hv at 2024,suv
toyota,rush 1.5 xei at,suv
toyota,rush 1.5 xei mt,suv
toyota,rush 1.5 xli at,suv
toyota,rush 1.5 xli mt,suv
toyota,yaris cross xi 1.5 at 2024,suv
volkswagen,t-cross 1.6l comfortline,suv
volkswagen,t-cross 1.6l comfortline aut,suv
volkswagen,t-cross 1.6l highline aut,suv
volkswagen,t-cross 1.6l trendline,suv
volkswagen,tiguan 1.4l tsi comfortline aut 5a,suv
volkswagen,tiguan 1.4l tsi comfortline aut 7a,suv
volkswagen,tiguan 1.4l tsi highline 7a aut,suv
volkswagen,tiguan 1.4l tsi trendline 5a aut,suv
volkswagen,tiguan tsi at limited 180hp 4 motion,suv
volkswagen,touareg 3.0l tdi v6 limited,suv
volkswagen,touareg 3.0l tdi v6 r-line,suv
chevrolet,spin ii 1.8l activ at l,minibus
chevrolet,spin ii 1.8l premier at l,minibus
chevrolet,spin ii 1.8l premier mt l,minibus
citroen,jumper 2.2l l3h2 bluehdi escolar,minibus
citroen,spacetourer bluehdi 150 s&s bvm6 business talla xl 2024,minibus
citroen,spacetourer xl bluehdi 150 s&s bvm6 business,minibus
citroen,spacetourer xl bluehdi 180 s&s eat8 business,minibus
fiat,ducato 16+1 ejecutivo l3h2,minibus
fiat,ducato minibus 16 + 1 l3h2 aa,minibus
fiat,ducato minibus 16 + 1 l3h2 aa class a,minibus
fiat,ducato minibus 16 + 1 l3h2 doble aa,minibus
fiat,ducato minibus 16 + 1 l3h2 doble aa class a,minibus
fiat,ducato minibus 16 + 1 l3h2 ejecutivo doble aa,minibus
fiat,ducato minibus 16+1 ejecutivo l3 h2 doble aa,minibus
fiat,ducato minibus 16+1 l3 h2 aa,minibus
fiat,ducato minibus 16+1 l3 h2 doble aa,minibus
ford,transit 2.2l minibus 17+1 pas,minibus
hyundai,solati h350 pasajeros,minibus
hyundai,solati h350 pasajeros / rampa hidraulica,minibus
hyundai,solati h350 pasajeros escolar,minibus
hyundai,solati h350 pasajeros escolar / rampa hidraulica,minibus
hyundai,solati pasajeros,minibus
hyundai,staria mb 2.2 cedi 11p 2024,minibus
hyundai,staria mb 2.2 crdi 4wd 9p luxury 2024,minibus
hyundai,staria mb 2.2 crdi 9p 2024,minibus
hyundai,staria us4 mb 2.2 crdi at 9p,minibus
jac,refine 1.9l executive 10pas,minibus
jac,refine 1.9l executive 8pas,minibus
jac,sunray 1.9l green jet 11+1 pas,minibus
jac,sunray 13+1 mt 2024,minibus
jac,sunray 14+1 mt 2024,minibus
jac,sunray 16+1 mt 2024,minibus
jac,sunray 17+1 mt 2024,minibus
jac,sunray 2.0l green jet 21+1 pas escolar,minibus
jac,sunray 2.7l green jet 13+1 pas,minibus
jac,sunray 2.7l green jet 14+1 pas,minibus
jac,sunray 2.7l green jet 16+1 pas,minibus
jac,sunray 2.7l green jet 17+1 pas,minibus
jac,sunray 2.7l green jet 27+1 pas escolar,minibus
maxus,ev80 minibus 15+1,minibus
maxus,g10 6+1,minibus
maxus,g10 6+1 ejecutiva,minibus
maxus,g10 9+1,minibus
maxus,g10 escolar 18+1,minibus
maxus,g10 minibus 6+1,minibus
maxus,g10 minibus 6+1 e6 2024,minibus
maxus,g10 minibus 9+1,minibus
maxus,g10 minibus 9+1 e6 2024,minibus
maxus,g10 van escolar e5,minibus
maxus,g90 minibus elite 6+1 2024,minibus
maxus,g90 minibus luxury 6+1 2024,minibus
maxus,mifa 9 90 kwh luxury 2024,minibus
maxus,new v80 fl minibus 12+1 e5,minibus
maxus,new v80 fl minibus 12+1 e5 dlx,minibus
maxus,new v80 fl minibus 15+1 e5 dlx,minibus
maxus,new v80 fl van escolar e5,minibus
maxus,v80 12+1,minibus
maxus,v80 15+1,minibus
maxus,v90 escolar,minibus
maxus,v90 minibus 15+1 a3,minibus
maxus,v90 minibus 15+1 a4 at,minibus
maxus,v90 minibus 15+1 dr at,minibus
maxus,v90 minibus 16+1 a4 dr,minibus
maxus,v90 minibus techo alto 15+1 a4,minibus
maxus,v90 minibus techo medio 15+1 a3,minibus
nissan,nv350 2.5l,minibus
nissan,nv350 2.5l bus wide s long 15 pas,minibus
nissan,nv350 2.5l escolar 24pas,minibus
nissan,nv350 2.5l pasajeros 15,minibus
nissan,nv350 2.5l turismo confort,minibus
nissan,nv350 2.5l wide s-long cargo,minibus
nissan,nv350 2.5l wide s-long mt,minibus
nissan,nv350 2.5l wide s-long mt school bus,minibus
nissan,nv350 wide s-long bus 2.5d mt,minibus
nissan,nv350 wide s-long bus 2.5d mt (school bus),minibus
nissan,nv350 wide s-long bus 2.5l mt,minibus
nissan,nv350 wide s-long bus 2.5l mt (school bus),minibus
peugeot,boxer escolar l2h2 25p bluehdi 160,minibus
peugeot,traveller active l3 8p 2.0 bluehdi 150 mt6,minibus
peugeot,traveller active l3 8p 2.0 bluehdi 180 eat8,minibus
peugeot,traveller business l3 8p bluehdi 180 eat8 2024,minibus
peugeot,traveller business l3 9p bluehdi 145 2024,minibus
peugeot,traveller business l3 9p bluehdi 150,minibus
toyota,hiace pasajeros 2.8l l1h1 11pas,minibus
toyota,hiace pasajeros 2.8l l2h2 9pas,minibus
toyota,hiace turismo l1h1 gl,minibus
toyota,hiace turismo l1h1 mt 2024,minibus
toyota,hiace turismo l2h2 gl,minibus
toyota,turismo l1h1 gl,minibus
toyota,turismo l2h2 gl,minibus
changan,m 201 cargo 2024,furgon
changan,m 201 cargo ac 2024,furgon
changan,m201 1.2l furgon,furgon
changan,m201 1.2l furgon ac,furgon
changan,md201 1.2l cargo box,furgon
changan,md201 1.2l cargo box ac,furgon
chevrolet,n 400 max 1.5 l ac p mt 2024,furgon
chevrolet,n 400 max 1.5 l p mt 2024,furgon
chevrolet,n400 max 1.5l,furgon
chevrolet,n400 max 1.5l ac,furgon
chevrolet,n400 max ii 1.5l mt,furgon
chevrolet,n400 max ii 1.5l mt ac,furgon
chevrolet,n400 max ll 1.5 l mt,furgon
chevrolet,n400 max ll 1.5 l mt ac,furgon
citroen,berlingo cargo 1.6 hdi 92 bvm5 m 2024,furgon
citroen,berlingo cargo 1.6 hdi 92 bvm5 xl 2024,furgon
citroen,jumper cargo l2h2 bluehdi 165 s&s bvm6 2024,furgon
citroen,jumper cargo l3h2 bluehdi 165 s&s bvm6 2024,furgon
citroen,jumper cargo l4h2 bluehdi 165 s&s bvm6 2024,furgon
citroen,jumper l1h1 bluehdi 163 s&s bvm6,furgon
citroen,jumper l2h2 bluehdi 163 s&s bvm6,furgon
citroen,jumper l2h2 bluehdi 163 s&s bvm6 escolar,furgon
citroen,jumper l3 chasis cabina bluehdi 163 s&s bvm6,furgon
citroen,jumper l3h2 bluehdi 163 s&s bvm6,furgon
citroen,jumper l4h2 bluehdi 163 s&s bvm6,furgon
citroen,jumpy cargo bluehdi 150 s&s bvm6 xl 2024,furgon
citroen,new berlingo m 1.6 hdi 92 bvm,furgon
citroen,new berlingo xl 1.6 hdi 92 bvm,furgon
citroen,new jumpy comfort xl hdi 150 bvm6,furgon
citroen,new jumpy comfort xl hdi 150 bvm6 escolar,furgon
farizon,v6e at 2024,furgon
fiat,ducato 2.3l maxi cargo l1h1,furgon
fiat,ducato 2.3l maxi cargo l1h1 aa 8mt3,furgon
fiat,ducato 2.3l maxi cargo l2h2,furgon
fiat,ducato 2.3l maxi cargo l2h2 aa 11.5 mt3,furgon
fiat,ducato 2.3l maxi cargo l3h2,furgon
fiat,ducato 2.3l maxi cargo l3h2 aa 13 mt3,furgon
fiat,ducato 2.3l maxi cargo l3h2 aa 17 mt3,furgon
fiat,ducato 2.3l maxi cargo l3h2 ac,furgon
fiat,ducato maxi cargo l1 h1,furgon
fiat,ducato maxi cargo l1 h1 aa(8mt3),furgon
fiat,ducato maxi cargo l1 h1 mt 2024,furgon
fiat,ducato maxi cargo l2 h2,furgon
fiat,"ducato maxi cargo l2 h2 aa (11,5mt3)",furgon
fiat,ducato maxi cargo l3 h2,furgon
fiat,ducato maxi cargo l3 h2 aa (13mt3),furgon
fiat,ducato maxi cargo l4 h3,furgon
fiat,ducato maxi cargo l4 h3 aa (17mt3),furgon
ford,transit 2.2l tdci techo alto,furgon
ford,transit furgon largo-techo alto,furgon
hyundai,h-350 furgon solati cargo van,furgon
hyundai,h-350 furgon solati cargo van / carga refrigerada,furgon
hyundai,h-350 furgon solati cargo van / carga refrigerada /plataforma,furgon
jac,refine 1.9l furgon,furgon
jac,sunray cargo,furgon
kyc,v3 cargo van mt 2024,furgon
kyc,v5 cargo van mt 2024,furgon
maxus,deliver 9 cargo l2h2 2024,furgon
maxus,edeliver 9 l2h2 2024,furgon
maxus,edeliver 9 l3h2 2024,furgon
maxus,ev30 cargo van,furgon
maxus,ev80 cargo van,furgon
maxus,g-10 1.9l cargo,furgon
maxus,g10 cargo,furgon
maxus,g10 cargo 2024,furgon
maxus,"new v80 fl cargo van 11,5 m3 e5",furgon
maxus,v90 12m3 l3h3,furgon
maxus,v90 13m3 l3h3,furgon
nissan,nv350 2.5l,furgon
nissan,nv350 2.5l cargo wide s-long,furgon
nissan,nv350 2.5l escolar 24pas,furgon
nissan,nv350 wide s-long cargo 2.5d mt,furgon
nissan,nv350 wide s-long cargo 2.5l mt,furgon
opel,combo 1.5 td mt 2024,furgon
opel,combo 1.6l hdi l1,furgon
opel,movano cargo van l2h2 mt 2024,furgon
opel,vivaro 2.0 td,furgon
opel,vivaro 2.0 td mt 2024,furgon
peugeot,boxer 2.0l furgon l2h2,furgon
peugeot,boxer 2.0l furgon l3h2,furgon
peugeot,boxer 2.0l furgon l4h2,furgon
peugeot,boxer furgon d/c l4h2 bluehdi 165 2024,furgon
peugeot,boxer furgon l2h2 bluehdi 160,furgon
peugeot,boxer furgon l2h2 bluehdi 165 mt 2024,furgon
peugeot,boxer furgon l3h2 bluehdi 160,furgon
peugeot,boxer furgon l3h2 bluehdi 165 mt 2024,furgon
peugeot,boxer furgon l4h2 bluehdi 160,furgon
peugeot,boxer furgon l4h2 bluehdi 165 mt 2024,furgon
peugeot,expert l3 bluehdi 145 mt 2024,furgon
peugeot,expert l3 hdi 150,furgon
peugeot,partner 1.6l l1,furgon
peugeot,partner 1.6l l2,furgon
peugeot,partner l1 bluehdi 100 mt 2024,furgon
peugeot,partner l1 ev at 2024,furgon
peugeot,partner l1 hdi 90,furgon
peugeot,partner l2 bluehdi 100 mt 2024,furgon
peugeot,partner l2 hdi 90,furgon
peugeot,traveller active l3 8p bluehdi 180 eat8 at 2024,furgon
peugeot,traveller business l3 9p bluehdi 145 mt 2024,furgon
ram,ram v700 city 1.3 multijet 16v euro v,furgon
ram,ram v700 city 1.4 evo 8v euro vi,furgon
ram,ram v700 city diesel,furgon
ram,ram v700 city gasolina,furgon
ram,"ram van 700 rapid 1,4l st (3,1mts3)",furgon
ram,"ram van 700 rapid 1,4l st aa (3,1mts3)",furgon
ram,v 700 city 1.3l 2024,furgon
ram,v1000 100o cargo xl 1.6l 5mt3,furgon
ram,v1000 cargo corto 1.3l 3.4 mt3,furgon
ram,v1000 cargo largo 1.3l 3.8 mt3,furgon
ram,v1000 corto,furgon
ram,v1000 corto 1.3l 2024,furgon
ram,v1000 largo,furgon
ram,v1000 xl,furgon
ram,v700 city 1.4l,furgon
ram,v700 city diesel,furgon
ram,v700 rapid 1.4l 2024,furgon
ram,v700 rapid 1.4l st,furgon
ram,v700 rapid 1.4l st aa,furgon
ram,van 1000 cargo corto,furgon
ram,"van 1000 cargo corto 1,3l (3,4mts3)",furgon
ram,van 1000 cargo l,furgon
ram,"van 1000 cargo large 1,3l (3,8mts3)",furgon
ram,van 1000 cargo xl,furgon
ram,"van 1000 cargo xl 1,6l (5mts3)",furgon
ram,"van 700 rapid 1,4l st",furgon
renault,dokker 1.5l furgon ac,furgon
renault,kangoo z.e l1,furgon
renault,kangoo z.e l2,furgon
toyota,hiace cargo l1h1 2024,furgon
toyota,hiace furgon 2.8l l1h1,furgon
toyota,hiace furgon 2.8l l1h1b,furgon
toyota,hiace furgon 2.8l l2h2b,furgon
chery,iq 1.0l gls,hatchback
chevrolet,spark gt 1.2 ii mt activ,hatchback
chevrolet,spark gt 1.2 ii mt lt ac,hatchback
chevrolet,spark gt 1.2 ii mt lt ac full,hatchback
chevrolet,spin activ 1.8l aut,hatchback
citroen,c3 1.2l puretech 110 feel aut,hatchback
citroen,c3 1.2l puretech 82 feel,hatchback
citroen,c3 1.2l puretech 82 live,hatchback
citroen,c3 1.5l bluehdi 100 s&s feel,hatchback
citroen,c3 1.5l bluehdi 100 s&s live,hatchback
citroen,c3 1.5l bluehdi 100 s&s shine,hatchback
fiat,500 1.2l pop,hatchback
fiat,500 1.2l pop aut,hatchback
fiat,500 1.2l pop mt,hatchback
fiat,500 1.4l lounge,hatchback
fiat,500 1.4l lounge aut,hatchback
fiat,500 lounge 1.4 at,hatchback
fiat,500 lounge 1.4 mt,hatchback
fiat,500 pop 1.2 at,hatchback
fiat,500 pop 1.2 mt,hatchback
fiat,500 sport 1.4,hatchback
fiat,500 sport 1.4 at,hatchback
fiat,500c 1.2 l pop at,hatchback
fiat,500c 1.2 l pop mt,hatchback
fiat,500c 1.4 l pop at,hatchback
fiat,500c 1.4 l pop mt,hatchback
fiat,argo 1.3l drive elx,hatchback
fiat,argo 1.3l drive gse,hatchback
fiat,"argo drive 1,3 gse",hatchback
fiat,"argo drive elx 1,3 gse",hatchback
fiat,argo trekking 1.3l trekking,hatchback
fiat,mobi 1.0l way cross plus,hatchback
fiat,qubo dynamic,hatchback
fiat,qubo dynamic 1.4,hatchback
honda,civic si 1.5 t mt,hatchback
honda,civic si 1.5 t mt sensing (new),hatchback
mazda,3 sport 2.0l s,hatchback
mazda,3 sport 2.0l v,hatchback
mazda,3 sport 2.0l v aut,hatchback
mazda,3 sport 2.5l gtx,hatchback
mazda,3 sport 2.5l gtx aut,hatchback
mitsubishi,mirage 1.2l gl,hatchback
mitsubishi,mirage 1.2l gls,hatchback
mitsubishi,mirage 1.2l glx,hatchback
mitsubishi,mirage gl,hatchback
mitsubishi,mirage gl mt,hatchback
mitsubishi,mirage gls,hatchback
mitsubishi,mirage gls mt,hatchback
mitsubishi,mirage glx,hatchback
mitsubishi,mirage glx mt,hatchback
nissan,leaf,hatchback
opel,corsa 1.2l edition,hatchback
opel,corsa 1.2t edition,hatchback
opel,corsa 1.2t edition aut,hatchback
opel,corsa edition 1.2t at8,hatchback
opel,corsa edition 1.2t mt6,hatchback
opel,corsa edition 1.5td mt6,hatchback
opel,corsa gs line 1.2t at8,hatchback
peugeot,308 1.2l active puretech 130 hp,hatchback
peugeot,308 1.6l allure thp 165 eat6,hatchback
peugeot,308 allure thp 165 eat6,hatchback
renault,kwid 1.0l intens,hatchback
renault,kwid 1.0l life,hatchback
renault,kwid 1.0l outsider,hatchback
suzuki,alto 800 0.8l gl,hatchback
suzuki,alto 800 0.8l glx,hatchback
suzuki,alto 800 0.8l glx ac,hatchback
suzuki,baleno 1.4l gl,hatchback
suzuki,baleno 1.4l gls,hatchback
suzuki,baleno 1.4l gls aut,hatchback
suzuki,baleno 1.4l glx,hatchback
suzuki,baleno 1.4l glx aut,hatchback
suzuki,s-presso 1.0l glx ac,hatchback
suzuki,s-presso 1.0l glx adventure,hatchback
suzuki,swift 1.0l boosterjet glx,hatchback
suzuki,swift sport 1.4l,hatchback
suzuki,swift sport 1.4l aut,hatchback
toyota,aygo 5 puertas x-r5,hatchback
toyota,aygo x-cite,hatchback
toyota,aygo x-g3,hatchback
toyota,aygo x-g5,hatchback
toyota,aygo x-r3,hatchback
toyota,corolla sport 1.2l se,hatchback
toyota,corolla sport 1.2l se aut,hatchback
toyota,corolla sport s 1.8 hv cvt,hatchback
toyota,corolla sport se 1.2 turbo cvt,hatchback
toyota,corolla sport se 1.2 turbo mt,hatchback
toyota,corolla sport se 1.8 hv cvt,hatchback
toyota,corolla sport turbo 1.2l se cvt,hatchback
toyota,prius c,hatchback
toyota,prius hibrido,hatchback
toyota,yaris sport 1.5l gle at,hatchback
toyota,yaris sport 1.5l gle mt,hatchback
toyota,yaris sport 1.5l gli,hatchback
toyota,yaris sport 1.5l gli aut,hatchback
toyota,yaris sport 1.5l sport,hatchback
toyota,yaris sport 1.5l sport aut,hatchback
toyota,yaris sport 1.5l sport mt,hatchback
toyota,yaris sport gle at,hatchback
toyota,yaris sport gle mt,hatchback
toyota,yaris sport sport at,hatchback
toyota,yaris sport sport mt,hatchback
volkswagen,gol 1.6l comfortline,hatchback
volkswagen,gol 1.6l highline,hatchback
volkswagen,gol 1.6l highline aut,hatchback
volkswagen,gol 1.6l trendline,hatchback
volkswagen,polo 1.6l msi comfortline,hatchback
volkswagen,polo 1.6l msi comfortline aut,hatchback
volkswagen,polo 1.6l msi highline,hatchback
volkswagen,polo 1.6l msi highline aut,hatchback
volkswagen,polo 1.6l msi trendline,hatchback
